[2026-10-02 08:53:35] KE: hrd@mitrasejahtera.co.id | SUBJEK: [KarirKu] Pendaftaran Anda sudah kami terima | (SMTP belum dikonfigurasi, dicatat sebagai log saja)
------------------------------------------------------------

                    KarirKu PolinemaSelamat, akun KarirKu Polinema Anda telah disetujui. Silakan masuk dan lengkapi profil Anda.
                    Email ini dikirim otomatis oleh sistem KarirKu Polinema. Mohon tidak membalas email ini.
                 

[2026-10-02 08:54:30] KE: ahmad.pratama@student.polinema.ac.id | SUBJEK: Akun Anda Dinonaktifkan - KarirKu Polinema | (SMTP belum dikonfigurasi, dicatat sebagai log saja)
------------------------------------------------------------

                    KarirKu PolinemaAkun KarirKu Polinema Anda telah dinonaktifkan Admin.Alasan: Catatan uji otomatis.
                    Email ini dikirim otomatis oleh sistem KarirKu Polinema. Mohon tidak membalas email ini.
                 

[2026-10-02 08:54:30] KE: alfian.ramadhan@student.polinema.ac.id | SUBJEK: Akun Anda Dinonaktifkan - KarirKu Polinema | (SMTP belum dikonfigurasi, dicatat sebagai log saja)
------------------------------------------------------------

                    KarirKu PolinemaAkun KarirKu Polinema Anda telah dinonaktifkan Admin.Alasan: Catatan uji otomatis.
                    Email ini dikirim otomatis oleh sistem KarirKu Polinema. Mohon tidak membalas email ini.
                 

[2026-10-02 08:54:30] KE: anisa.handayani@student.polinema.ac.id | SUBJEK: Akun Anda Dinonaktifkan - KarirKu Polinema | (SMTP belum dikonfigurasi, dicatat sebagai log saja)
------------------------------------------------------------

                    KarirKu PolinemaAkun KarirKu Polinema Anda telah dinonaktifkan Admin.Alasan: Catatan uji otomatis.
                    Email ini dikirim otomatis oleh sistem KarirKu Polinema. Mohon tidak membalas email ini.
                 

[2026-10-02 08:54:30] KE: arif.setiawan@student.polinema.ac.id | SUBJEK: Akun Anda Dinonaktifkan - KarirKu Polinema | (SMTP belum dikonfigurasi, dicatat sebagai log saja)
------------------------------------------------------------

                    KarirKu PolinemaAkun KarirKu Polinema Anda telah dinonaktifkan Admin.Alasan: Catatan uji otomatis.
                    Email ini dikirim otomatis oleh sistem KarirKu Polinema. Mohon tidak membalas email ini.
                 

[2026-10-02 08:54:30] KE: ayu.anggraini@student.polinema.ac.id | SUBJEK: Akun Anda Dinonaktifkan - KarirKu Polinema | (SMTP belum dikonfigurasi, dicatat sebagai log saja)
------------------------------------------------------------

                    KarirKu PolinemaAkun KarirKu Polinema Anda telah dinonaktifkan Admin.Alasan: Catatan uji otomatis.
                    Email ini dikirim otomatis oleh sistem KarirKu Polinema. Mohon tidak membalas email ini.
                 

[2026-10-02 08:54:30] KE: bagus.wicaksono@student.polinema.ac.id | SUBJEK: Akun Anda Dinonaktifkan - KarirKu Polinema | (SMTP belum dikonfigurasi, dicatat sebagai log saja)
------------------------------------------------------------

                    KarirKu PolinemaAkun KarirKu Polinema Anda telah dinonaktifkan Admin.Alasan: Catatan uji otomatis.
                    Email ini dikirim otomatis oleh sistem KarirKu Polinema. Mohon tidak membalas email ini.
                 

[2026-10-02 08:54:30] KE: bayu.gunawan@student.polinema.ac.id | SUBJEK: Akun Anda Dinonaktifkan - KarirKu Polinema | (SMTP belum dikonfigurasi, dicatat sebagai log saja)
------------------------------------------------------------

                    KarirKu PolinemaAkun KarirKu Polinema Anda telah dinonaktifkan Admin.Alasan: Catatan uji otomatis.
                    Email ini dikirim otomatis oleh sistem KarirKu Polinema. Mohon tidak membalas email ini.
                 

[2026-10-02 08:54:30] KE: bima.wijaya@student.polinema.ac.id | SUBJEK: Akun Anda Dinonaktifkan - KarirKu Polinema | (SMTP belum dikonfigurasi, dicatat sebagai log saja)
------------------------------------------------------------

                    KarirKu PolinemaAkun KarirKu Polinema Anda telah dinonaktifkan Admin.Alasan: Catatan uji otomatis.
                    Email ini dikirim otomatis oleh sistem KarirKu Polinema. Mohon tidak membalas email ini.
                 

[2026-10-02 08:54:30] KE: mahasiswa@polinema.ac.id | SUBJEK: Akun Anda Dinonaktifkan - KarirKu Polinema | (SMTP belum dikonfigurasi, dicatat sebagai log saja)
------------------------------------------------------------

                    KarirKu PolinemaAkun KarirKu Polinema Anda telah dinonaktifkan Admin.Alasan: Catatan uji otomatis.
                    Email ini dikirim otomatis oleh sistem KarirKu Polinema. Mohon tidak membalas email ini.
                 

[2026-10-02 08:54:30] KE: candra.wicaksono@student.polinema.ac.id | SUBJEK: Akun Anda Dinonaktifkan - KarirKu Polinema | (SMTP belum dikonfigurasi, dicatat sebagai log saja)
------------------------------------------------------------

                    KarirKu PolinemaAkun KarirKu Polinema Anda telah dinonaktifkan Admin.Alasan: Catatan uji otomatis.
                    Email ini dikirim otomatis oleh sistem KarirKu Polinema. Mohon tidak membalas email ini.
                 

[2026-10-02 08:54:30] KE: dani.prasetyo@student.polinema.ac.id | SUBJEK: Akun Anda Dinonaktifkan - KarirKu Polinema | (SMTP belum dikonfigurasi, dicatat sebagai log saja)
------------------------------------------------------------

                    KarirKu PolinemaAkun KarirKu Polinema Anda telah dinonaktifkan Admin.Alasan: Catatan uji otomatis.
                    Email ini dikirim otomatis oleh sistem KarirKu Polinema. Mohon tidak membalas email ini.
                 

[2026-10-02 08:54:30] KE: dewi.lestari@student.polinema.ac.id | SUBJEK: Akun Anda Dinonaktifkan - KarirKu Polinema | (SMTP belum dikonfigurasi, dicatat sebagai log saja)
------------------------------------------------------------

                    KarirKu PolinemaAkun KarirKu Polinema Anda telah dinonaktifkan Admin.Alasan: Catatan uji otomatis.
                    Email ini dikirim otomatis oleh sistem KarirKu Polinema. Mohon tidak membalas email ini.
                 

[2026-10-02 08:54:30] KE: diah.puspita@student.polinema.ac.id | SUBJEK: Akun Anda Dinonaktifkan - KarirKu Polinema | (SMTP belum dikonfigurasi, dicatat sebagai log saja)
------------------------------------------------------------

                    KarirKu PolinemaAkun KarirKu Polinema Anda telah dinonaktifkan Admin.Alasan: Catatan uji otomatis.
                    Email ini dikirim otomatis oleh sistem KarirKu Polinema. Mohon tidak membalas email ini.
                 

[2026-10-02 08:54:30] KE: dimas.santoso@student.polinema.ac.id | SUBJEK: Akun Anda Dinonaktifkan - KarirKu Polinema | (SMTP belum dikonfigurasi, dicatat sebagai log saja)
------------------------------------------------------------

                    KarirKu PolinemaAkun KarirKu Polinema Anda telah dinonaktifkan Admin.Alasan: Catatan uji otomatis.
                    Email ini dikirim otomatis oleh sistem KarirKu Polinema. Mohon tidak membalas email ini.
                 

[2026-10-02 08:54:30] KE: eko.purnomo@student.polinema.ac.id | SUBJEK: Akun Anda Dinonaktifkan - KarirKu Polinema | (SMTP belum dikonfigurasi, dicatat sebagai log saja)
------------------------------------------------------------

                    KarirKu PolinemaAkun KarirKu Polinema Anda telah dinonaktifkan Admin.Alasan: Catatan uji otomatis.
                    Email ini dikirim otomatis oleh sistem KarirKu Polinema. Mohon tidak membalas email ini.
                 

[2026-10-02 08:54:30] KE: fajar.ramadhan@student.polinema.ac.id | SUBJEK: Akun Anda Dinonaktifkan - KarirKu Polinema | (SMTP belum dikonfigurasi, dicatat sebagai log saja)
------------------------------------------------------------

                    KarirKu PolinemaAkun KarirKu Polinema Anda telah dinonaktifkan Admin.Alasan: Catatan uji otomatis.
                    Email ini dikirim otomatis oleh sistem KarirKu Polinema. Mohon tidak membalas email ini.
                 

[2026-10-02 08:54:30] KE: fitri.khoirunnisa@student.polinema.ac.id | SUBJEK: Akun Anda Dinonaktifkan - KarirKu Polinema | (SMTP belum dikonfigurasi, dicatat sebagai log saja)
------------------------------------------------------------

                    KarirKu PolinemaAkun KarirKu Polinema Anda telah dinonaktifkan Admin.Alasan: Catatan uji otomatis.
                    Email ini dikirim otomatis oleh sistem KarirKu Polinema. Mohon tidak membalas email ini.
                 

[2026-10-02 08:54:30] KE: galih.hartono@student.polinema.ac.id | SUBJEK: Akun Anda Dinonaktifkan - KarirKu Polinema | (SMTP belum dikonfigurasi, dicatat sebagai log saja)
------------------------------------------------------------

                    KarirKu PolinemaAkun KarirKu Polinema Anda telah dinonaktifkan Admin.Alasan: Catatan uji otomatis.
                    Email ini dikirim otomatis oleh sistem KarirKu Polinema. Mohon tidak membalas email ini.
                 

[2026-10-02 08:54:30] KE: gilang.saputra@student.polinema.ac.id | SUBJEK: Akun Anda Dinonaktifkan - KarirKu Polinema | (SMTP belum dikonfigurasi, dicatat sebagai log saja)
------------------------------------------------------------

                    KarirKu PolinemaAkun KarirKu Polinema Anda telah dinonaktifkan Admin.Alasan: Catatan uji otomatis.
                    Email ini dikirim otomatis oleh sistem KarirKu Polinema. Mohon tidak membalas email ini.
                 

[2026-10-02 08:54:30] KE: hafiz.setiawan@student.polinema.ac.id | SUBJEK: Akun Anda Dinonaktifkan - KarirKu Polinema | (SMTP belum dikonfigurasi, dicatat sebagai log saja)
------------------------------------------------------------

                    KarirKu PolinemaAkun KarirKu Polinema Anda telah dinonaktifkan Admin.Alasan: Catatan uji otomatis.
                    Email ini dikirim otomatis oleh sistem KarirKu Polinema. Mohon tidak membalas email ini.
                 

[2026-10-02 08:54:30] KE: hendra.wijaya@student.polinema.ac.id | SUBJEK: Akun Anda Dinonaktifkan - KarirKu Polinema | (SMTP belum dikonfigurasi, dicatat sebagai log saja)
------------------------------------------------------------

                    KarirKu PolinemaAkun KarirKu Polinema Anda telah dinonaktifkan Admin.Alasan: Catatan uji otomatis.
                    Email ini dikirim otomatis oleh sistem KarirKu Polinema. Mohon tidak membalas email ini.
                 

[2026-10-02 08:54:30] KE: intan.permata@student.polinema.ac.id | SUBJEK: Akun Anda Dinonaktifkan - KarirKu Polinema | (SMTP belum dikonfigurasi, dicatat sebagai log saja)
------------------------------------------------------------

                    KarirKu PolinemaAkun KarirKu Polinema Anda telah dinonaktifkan Admin.Alasan: Catatan uji otomatis.
                    Email ini dikirim otomatis oleh sistem KarirKu Polinema. Mohon tidak membalas email ini.
                 

[2026-10-02 08:54:30] KE: irfan.mahendra@student.polinema.ac.id | SUBJEK: Akun Anda Dinonaktifkan - KarirKu Polinema | (SMTP belum dikonfigurasi, dicatat sebagai log saja)
------------------------------------------------------------

                    KarirKu PolinemaAkun KarirKu Polinema Anda telah dinonaktifkan Admin.Alasan: Catatan uji otomatis.
                    Email ini dikirim otomatis oleh sistem KarirKu Polinema. Mohon tidak membalas email ini.
                 

[2026-10-02 08:54:30] KE: kirana.maharani@student.polinema.ac.id | SUBJEK: Akun Anda Dinonaktifkan - KarirKu Polinema | (SMTP belum dikonfigurasi, dicatat sebagai log saja)
------------------------------------------------------------

                    KarirKu PolinemaAkun KarirKu Polinema Anda telah dinonaktifkan Admin.Alasan: Catatan uji otomatis.
                    Email ini dikirim otomatis oleh sistem KarirKu Polinema. Mohon tidak membalas email ini.
                 

[2026-10-02 08:54:30] KE: laila.rahmawati@student.polinema.ac.id | SUBJEK: Akun Anda Dinonaktifkan - KarirKu Polinema | (SMTP belum dikonfigurasi, dicatat sebagai log saja)
------------------------------------------------------------

                    KarirKu PolinemaAkun KarirKu Polinema Anda telah dinonaktifkan Admin.Alasan: Catatan uji otomatis.
                    Email ini dikirim otomatis oleh sistem KarirKu Polinema. Mohon tidak membalas email ini.
                 

[2026-10-02 08:54:30] KE: lintang.nuraini@student.polinema.ac.id | SUBJEK: Akun Anda Dinonaktifkan - KarirKu Polinema | (SMTP belum dikonfigurasi, dicatat sebagai log saja)
------------------------------------------------------------

                    KarirKu PolinemaAkun KarirKu Polinema Anda telah dinonaktifkan Admin.Alasan: Catatan uji otomatis.
                    Email ini dikirim otomatis oleh sistem KarirKu Polinema. Mohon tidak membalas email ini.
                 

[2026-10-02 08:54:30] KE: maya.wulandari@student.polinema.ac.id | SUBJEK: Akun Anda Dinonaktifkan - KarirKu Polinema | (SMTP belum dikonfigurasi, dicatat sebagai log saja)
------------------------------------------------------------

                    KarirKu PolinemaAkun KarirKu Polinema Anda telah dinonaktifkan Admin.Alasan: Catatan uji otomatis.
                    Email ini dikirim otomatis oleh sistem KarirKu Polinema. Mohon tidak membalas email ini.
                 

[2026-10-02 08:54:30] KE: mega.maharani@student.polinema.ac.id | SUBJEK: Akun Anda Dinonaktifkan - KarirKu Polinema | (SMTP belum dikonfigurasi, dicatat sebagai log saja)
------------------------------------------------------------

                    KarirKu PolinemaAkun KarirKu Polinema Anda telah dinonaktifkan Admin.Alasan: Catatan uji otomatis.
                    Email ini dikirim otomatis oleh sistem KarirKu Polinema. Mohon tidak membalas email ini.
                 

[2026-10-02 08:54:30] KE: melati.anggraini@student.polinema.ac.id | SUBJEK: Akun Anda Dinonaktifkan - KarirKu Polinema | (SMTP belum dikonfigurasi, dicatat sebagai log saja)
------------------------------------------------------------

                    KarirKu PolinemaAkun KarirKu Polinema Anda telah dinonaktifkan Admin.Alasan: Catatan uji otomatis.
                    Email ini dikirim otomatis oleh sistem KarirKu Polinema. Mohon tidak membalas email ini.
                 

[2026-10-02 08:54:30] KE: calon.mahasiswa@student.polinema.ac.id | SUBJEK: Akun Anda Dinonaktifkan - KarirKu Polinema | (SMTP belum dikonfigurasi, dicatat sebagai log saja)
------------------------------------------------------------

                    KarirKu PolinemaAkun KarirKu Polinema Anda telah dinonaktifkan Admin.Alasan: Catatan uji otomatis.
                    Email ini dikirim otomatis oleh sistem KarirKu Polinema. Mohon tidak membalas email ini.
                 

[2026-10-02 08:54:30] KE: novi.andini@student.polinema.ac.id | SUBJEK: Akun Anda Dinonaktifkan - KarirKu Polinema | (SMTP belum dikonfigurasi, dicatat sebagai log saja)
------------------------------------------------------------

                    KarirKu PolinemaAkun KarirKu Polinema Anda telah dinonaktifkan Admin.Alasan: Catatan uji otomatis.
                    Email ini dikirim otomatis oleh sistem KarirKu Polinema. Mohon tidak membalas email ini.
                 

[2026-10-02 08:54:30] KE: nur.hidayah@student.polinema.ac.id | SUBJEK: Akun Anda Dinonaktifkan - KarirKu Polinema | (SMTP belum dikonfigurasi, dicatat sebagai log saja)
------------------------------------------------------------

                    KarirKu PolinemaAkun KarirKu Polinema Anda telah dinonaktifkan Admin.Alasan: Catatan uji otomatis.
                    Email ini dikirim otomatis oleh sistem KarirKu Polinema. Mohon tidak membalas email ini.
                 

[2026-10-02 08:54:30] KE: panji.firdaus@student.polinema.ac.id | SUBJEK: Akun Anda Dinonaktifkan - KarirKu Polinema | (SMTP belum dikonfigurasi, dicatat sebagai log saja)
------------------------------------------------------------

                    KarirKu PolinemaAkun KarirKu Polinema Anda telah dinonaktifkan Admin.Alasan: Catatan uji otomatis.
                    Email ini dikirim otomatis oleh sistem KarirKu Polinema. Mohon tidak membalas email ini.
                 

[2026-10-02 08:54:30] KE: putri.safitri@student.polinema.ac.id | SUBJEK: Akun Anda Dinonaktifkan - KarirKu Polinema | (SMTP belum dikonfigurasi, dicatat sebagai log saja)
------------------------------------------------------------

                    KarirKu PolinemaAkun KarirKu Polinema Anda telah dinonaktifkan Admin.Alasan: Catatan uji otomatis.
                    Email ini dikirim otomatis oleh sistem KarirKu Polinema. Mohon tidak membalas email ini.
                 

[2026-10-02 08:54:30] KE: rahma.permata@student.polinema.ac.id | SUBJEK: Akun Anda Dinonaktifkan - KarirKu Polinema | (SMTP belum dikonfigurasi, dicatat sebagai log saja)
------------------------------------------------------------

                    KarirKu PolinemaAkun KarirKu Polinema Anda telah dinonaktifkan Admin.Alasan: Catatan uji otomatis.
                    Email ini dikirim otomatis oleh sistem KarirKu Polinema. Mohon tidak membalas email ini.
                 

[2026-10-02 08:54:30] KE: rangga.nugroho@student.polinema.ac.id | SUBJEK: Akun Anda Dinonaktifkan - KarirKu Polinema | (SMTP belum dikonfigurasi, dicatat sebagai log saja)
------------------------------------------------------------

                    KarirKu PolinemaAkun KarirKu Polinema Anda telah dinonaktifkan Admin.Alasan: Catatan uji otomatis.
                    Email ini dikirim otomatis oleh sistem KarirKu Polinema. Mohon tidak membalas email ini.
                 

[2026-10-02 08:54:30] KE: ratna.safitri@student.polinema.ac.id | SUBJEK: Akun Anda Dinonaktifkan - KarirKu Polinema | (SMTP belum dikonfigurasi, dicatat sebagai log saja)
------------------------------------------------------------

                    KarirKu PolinemaAkun KarirKu Polinema Anda telah dinonaktifkan Admin.Alasan: Catatan uji otomatis.
                    Email ini dikirim otomatis oleh sistem KarirKu Polinema. Mohon tidak membalas email ini.
                 

[2026-10-02 08:54:30] KE: reza.siregar@student.polinema.ac.id | SUBJEK: Akun Anda Dinonaktifkan - KarirKu Polinema | (SMTP belum dikonfigurasi, dicatat sebagai log saja)
------------------------------------------------------------

                    KarirKu PolinemaAkun KarirKu Polinema Anda telah dinonaktifkan Admin.Alasan: Catatan uji otomatis.
                    Email ini dikirim otomatis oleh sistem KarirKu Polinema. Mohon tidak membalas email ini.
                 

[2026-10-02 08:54:30] KE: rina.kusuma@student.polinema.ac.id | SUBJEK: Akun Anda Dinonaktifkan - KarirKu Polinema | (SMTP belum dikonfigurasi, dicatat sebagai log saja)
------------------------------------------------------------

                    KarirKu PolinemaAkun KarirKu Polinema Anda telah dinonaktifkan Admin.Alasan: Catatan uji otomatis.
                    Email ini dikirim otomatis oleh sistem KarirKu Polinema. Mohon tidak membalas email ini.
                 

[2026-10-02 08:54:30] KE: rizky.saputra@student.polinema.ac.id | SUBJEK: Akun Anda Dinonaktifkan - KarirKu Polinema | (SMTP belum dikonfigurasi, dicatat sebagai log saja)
------------------------------------------------------------

                    KarirKu PolinemaAkun KarirKu Polinema Anda telah dinonaktifkan Admin.Alasan: Catatan uji otomatis.
                    Email ini dikirim otomatis oleh sistem KarirKu Polinema. Mohon tidak membalas email ini.
                 

[2026-10-02 08:54:30] KE: salsa.kusuma@student.polinema.ac.id | SUBJEK: Akun Anda Dinonaktifkan - KarirKu Polinema | (SMTP belum dikonfigurasi, dicatat sebagai log saja)
------------------------------------------------------------

                    KarirKu PolinemaAkun KarirKu Polinema Anda telah dinonaktifkan Admin.Alasan: Catatan uji otomatis.
                    Email ini dikirim otomatis oleh sistem KarirKu Polinema. Mohon tidak membalas email ini.
                 

[2026-10-02 08:54:30] KE: sari.oktaviani@student.polinema.ac.id | SUBJEK: Akun Anda Dinonaktifkan - KarirKu Polinema | (SMTP belum dikonfigurasi, dicatat sebagai log saja)
------------------------------------------------------------

                    KarirKu PolinemaAkun KarirKu Polinema Anda telah dinonaktifkan Admin.Alasan: Catatan uji otomatis.
                    Email ini dikirim otomatis oleh sistem KarirKu Polinema. Mohon tidak membalas email ini.
                 

[2026-10-02 08:54:30] KE: satrio.pratama@student.polinema.ac.id | SUBJEK: Akun Anda Dinonaktifkan - KarirKu Polinema | (SMTP belum dikonfigurasi, dicatat sebagai log saja)
------------------------------------------------------------

                    KarirKu PolinemaAkun KarirKu Polinema Anda telah dinonaktifkan Admin.Alasan: Catatan uji otomatis.
                    Email ini dikirim otomatis oleh sistem KarirKu Polinema. Mohon tidak membalas email ini.
                 

[2026-10-02 08:54:30] KE: siti.nuraini@student.polinema.ac.id | SUBJEK: Akun Anda Dinonaktifkan - KarirKu Polinema | (SMTP belum dikonfigurasi, dicatat sebagai log saja)
------------------------------------------------------------

                    KarirKu PolinemaAkun KarirKu Polinema Anda telah dinonaktifkan Admin.Alasan: Catatan uji otomatis.
                    Email ini dikirim otomatis oleh sistem KarirKu Polinema. Mohon tidak membalas email ini.
                 

[2026-10-02 08:54:30] KE: teguh.firdaus@student.polinema.ac.id | SUBJEK: Akun Anda Dinonaktifkan - KarirKu Polinema | (SMTP belum dikonfigurasi, dicatat sebagai log saja)
------------------------------------------------------------

                    KarirKu PolinemaAkun KarirKu Polinema Anda telah dinonaktifkan Admin.Alasan: Catatan uji otomatis.
                    Email ini dikirim otomatis oleh sistem KarirKu Polinema. Mohon tidak membalas email ini.
                 

[2026-10-02 08:54:30] KE: tiara.rahmawati@student.polinema.ac.id | SUBJEK: Akun Anda Dinonaktifkan - KarirKu Polinema | (SMTP belum dikonfigurasi, dicatat sebagai log saja)
------------------------------------------------------------

                    KarirKu PolinemaAkun KarirKu Polinema Anda telah dinonaktifkan Admin.Alasan: Catatan uji otomatis.
                    Email ini dikirim otomatis oleh sistem KarirKu Polinema. Mohon tidak membalas email ini.
                 

[2026-10-02 08:54:30] KE: vina.oktaviani@student.polinema.ac.id | SUBJEK: Akun Anda Dinonaktifkan - KarirKu Polinema | (SMTP belum dikonfigurasi, dicatat sebagai log saja)
------------------------------------------------------------

                    KarirKu PolinemaAkun KarirKu Polinema Anda telah dinonaktifkan Admin.Alasan: Catatan uji otomatis.
                    Email ini dikirim otomatis oleh sistem KarirKu Polinema. Mohon tidak membalas email ini.
                 

[2026-10-02 08:54:30] KE: wahyu.nugroho@student.polinema.ac.id | SUBJEK: Akun Anda Dinonaktifkan - KarirKu Polinema | (SMTP belum dikonfigurasi, dicatat sebagai log saja)
------------------------------------------------------------

                    KarirKu PolinemaAkun KarirKu Polinema Anda telah dinonaktifkan Admin.Alasan: Catatan uji otomatis.
                    Email ini dikirim otomatis oleh sistem KarirKu Polinema. Mohon tidak membalas email ini.
                 

[2026-10-02 08:54:30] KE: winda.hidayah@student.polinema.ac.id | SUBJEK: Akun Anda Dinonaktifkan - KarirKu Polinema | (SMTP belum dikonfigurasi, dicatat sebagai log saja)
------------------------------------------------------------

                    KarirKu PolinemaAkun KarirKu Polinema Anda telah dinonaktifkan Admin.Alasan: Catatan uji otomatis.
                    Email ini dikirim otomatis oleh sistem KarirKu Polinema. Mohon tidak membalas email ini.
                 

[2026-10-02 08:54:30] KE: yoga.prasetyo@student.polinema.ac.id | SUBJEK: Akun Anda Dinonaktifkan - KarirKu Polinema | (SMTP belum dikonfigurasi, dicatat sebagai log saja)
------------------------------------------------------------

                    KarirKu PolinemaAkun KarirKu Polinema Anda telah dinonaktifkan Admin.Alasan: Catatan uji otomatis.
                    Email ini dikirim otomatis oleh sistem KarirKu Polinema. Mohon tidak membalas email ini.
                 

[2026-10-02 08:54:30] KE: yusuf.santoso@student.polinema.ac.id | SUBJEK: Akun Anda Dinonaktifkan - KarirKu Polinema | (SMTP belum dikonfigurasi, dicatat sebagai log saja)
------------------------------------------------------------

                    KarirKu PolinemaAkun KarirKu Polinema Anda telah dinonaktifkan Admin.Alasan: Catatan uji otomatis.
                    Email ini dikirim otomatis oleh sistem KarirKu Polinema. Mohon tidak membalas email ini.
                 

[2026-10-02 08:54:30] KE: zahra.lestari@student.polinema.ac.id | SUBJEK: Akun Anda Dinonaktifkan - KarirKu Polinema | (SMTP belum dikonfigurasi, dicatat sebagai log saja)
------------------------------------------------------------

                    KarirKu PolinemaAkun KarirKu Polinema Anda telah dinonaktifkan Admin.Alasan: Catatan uji otomatis.
                    Email ini dikirim otomatis oleh sistem KarirKu Polinema. Mohon tidak membalas email ini.
                 

[2026-10-02 08:54:30] KE: hrd@adhikarya.co.id | SUBJEK: Akun Anda Dinonaktifkan - KarirKu Polinema | (SMTP belum dikonfigurasi, dicatat sebagai log saja)
------------------------------------------------------------

                    KarirKu PolinemaAkun KarirKu Polinema Anda telah dinonaktifkan Admin.Alasan: Catatan uji otomatis.
                    Email ini dikirim otomatis oleh sistem KarirKu Polinema. Mohon tidak membalas email ini.
                 

[2026-10-02 08:54:30] KE: hrd@astraotoparts.co.id | SUBJEK: Akun Anda Dinonaktifkan - KarirKu Polinema | (SMTP belum dikonfigurasi, dicatat sebagai log saja)
------------------------------------------------------------

                    KarirKu PolinemaAkun KarirKu Polinema Anda telah dinonaktifkan Admin.Alasan: Catatan uji otomatis.
                    Email ini dikirim otomatis oleh sistem KarirKu Polinema. Mohon tidak membalas email ini.
                 

[2026-10-02 08:54:30] KE: hrd@bankmandiri.co.id | SUBJEK: Akun Anda Dinonaktifkan - KarirKu Polinema | (SMTP belum dikonfigurasi, dicatat sebagai log saja)
------------------------------------------------------------

                    KarirKu PolinemaAkun KarirKu Polinema Anda telah dinonaktifkan Admin.Alasan: Catatan uji otomatis.
                    Email ini dikirim otomatis oleh sistem KarirKu Polinema. Mohon tidak membalas email ini.
                 

[2026-10-02 08:54:30] KE: hrd@barataindonesia.co.id | SUBJEK: Akun Anda Dinonaktifkan - KarirKu Polinema | (SMTP belum dikonfigurasi, dicatat sebagai log saja)
------------------------------------------------------------

                    KarirKu PolinemaAkun KarirKu Polinema Anda telah dinonaktifkan Admin.Alasan: Catatan uji otomatis.
                    Email ini dikirim otomatis oleh sistem KarirKu Polinema. Mohon tidak membalas email ini.
                 

[2026-10-02 08:54:30] KE: hrd@energilistrikmandiri.co.id | SUBJEK: Akun Anda Dinonaktifkan - KarirKu Polinema | (SMTP belum dikonfigurasi, dicatat sebagai log saja)
------------------------------------------------------------

                    KarirKu PolinemaAkun KarirKu Polinema Anda telah dinonaktifkan Admin.Alasan: Catatan uji otomatis.
                    Email ini dikirim otomatis oleh sistem KarirKu Polinema. Mohon tidak membalas email ini.
                 

[2026-10-02 08:54:30] KE: hrd@gudanggaram.co.id | SUBJEK: Akun Anda Dinonaktifkan - KarirKu Polinema | (SMTP belum dikonfigurasi, dicatat sebagai log saja)
------------------------------------------------------------

                    KarirKu PolinemaAkun KarirKu Polinema Anda telah dinonaktifkan Admin.Alasan: Catatan uji otomatis.
                    Email ini dikirim otomatis oleh sistem KarirKu Polinema. Mohon tidak membalas email ini.
                 

[2026-10-02 08:54:30] KE: hrd@karyaabadi.co.id | SUBJEK: Akun Anda Dinonaktifkan - KarirKu Polinema | (SMTP belum dikonfigurasi, dicatat sebagai log saja)
------------------------------------------------------------

                    KarirKu PolinemaAkun KarirKu Polinema Anda telah dinonaktifkan Admin.Alasan: Catatan uji otomatis.
                    Email ini dikirim otomatis oleh sistem KarirKu Polinema. Mohon tidak membalas email ini.
                 

[2026-10-02 08:54:30] KE: hrd@mitraarsipnusantara.co.id | SUBJEK: Akun Anda Dinonaktifkan - KarirKu Polinema | (SMTP belum dikonfigurasi, dicatat sebagai log saja)
------------------------------------------------------------

                    KarirKu PolinemaAkun KarirKu Polinema Anda telah dinonaktifkan Admin.Alasan: Catatan uji otomatis.
                    Email ini dikirim otomatis oleh sistem KarirKu Polinema. Mohon tidak membalas email ini.
                 

[2026-10-02 08:54:30] KE: hrd@mitrasejahtera.co.id | SUBJEK: Akun Anda Dinonaktifkan - KarirKu Polinema | (SMTP belum dikonfigurasi, dicatat sebagai log saja)
------------------------------------------------------------

                    KarirKu PolinemaAkun KarirKu Polinema Anda telah dinonaktifkan Admin.Alasan: Catatan uji otomatis.
                    Email ini dikirim otomatis oleh sistem KarirKu Polinema. Mohon tidak membalas email ini.
                 

[2026-10-02 08:54:30] KE: hrd@nestleindonesia.co.id | SUBJEK: Akun Anda Dinonaktifkan - KarirKu Polinema | (SMTP belum dikonfigurasi, dicatat sebagai log saja)
------------------------------------------------------------

                    KarirKu PolinemaAkun KarirKu Polinema Anda telah dinonaktifkan Admin.Alasan: Catatan uji otomatis.
                    Email ini dikirim otomatis oleh sistem KarirKu Polinema. Mohon tidak membalas email ini.
                 

[2026-10-02 08:54:30] KE: perusahaan@polinema.ac.id | SUBJEK: Akun Anda Dinonaktifkan - KarirKu Polinema | (SMTP belum dikonfigurasi, dicatat sebagai log saja)
------------------------------------------------------------

                    KarirKu PolinemaAkun KarirKu Polinema Anda telah dinonaktifkan Admin.Alasan: Catatan uji otomatis.
                    Email ini dikirim otomatis oleh sistem KarirKu Polinema. Mohon tidak membalas email ini.
                 

[2026-10-02 08:54:30] KE: hrd@nusantarateknologicerd.co.id | SUBJEK: Akun Anda Dinonaktifkan - KarirKu Polinema | (SMTP belum dikonfigurasi, dicatat sebagai log saja)
------------------------------------------------------------

                    KarirKu PolinemaAkun KarirKu Polinema Anda telah dinonaktifkan Admin.Alasan: Catatan uji otomatis.
                    Email ini dikirim otomatis oleh sistem KarirKu Polinema. Mohon tidak membalas email ini.
                 

[2026-10-02 08:54:30] KE: hrd@pertaminapatraniaga.co.id | SUBJEK: Akun Anda Dinonaktifkan - KarirKu Polinema | (SMTP belum dikonfigurasi, dicatat sebagai log saja)
------------------------------------------------------------

                    KarirKu PolinemaAkun KarirKu Polinema Anda telah dinonaktifkan Admin.Alasan: Catatan uji otomatis.
                    Email ini dikirim otomatis oleh sistem KarirKu Polinema. Mohon tidak membalas email ini.
                 

[2026-10-02 08:54:30] KE: hrd@pindad.co.id | SUBJEK: Akun Anda Dinonaktifkan - KarirKu Polinema | (SMTP belum dikonfigurasi, dicatat sebagai log saja)
------------------------------------------------------------

                    KarirKu PolinemaAkun KarirKu Polinema Anda telah dinonaktifkan Admin.Alasan: Catatan uji otomatis.
                    Email ini dikirim otomatis oleh sistem KarirKu Polinema. Mohon tidak membalas email ini.
                 

[2026-10-02 08:54:30] KE: hrd@semenindonesia.co.id | SUBJEK: Akun Anda Dinonaktifkan - KarirKu Polinema | (SMTP belum dikonfigurasi, dicatat sebagai log saja)
------------------------------------------------------------

                    KarirKu PolinemaAkun KarirKu Polinema Anda telah dinonaktifkan Admin.Alasan: Catatan uji otomatis.
                    Email ini dikirim otomatis oleh sistem KarirKu Polinema. Mohon tidak membalas email ini.
                 

[2026-10-02 08:54:30] KE: hrd@sinergidatanusantara.co.id | SUBJEK: Akun Anda Dinonaktifkan - KarirKu Polinema | (SMTP belum dikonfigurasi, dicatat sebagai log saja)
------------------------------------------------------------

                    KarirKu PolinemaAkun KarirKu Polinema Anda telah dinonaktifkan Admin.Alasan: Catatan uji otomatis.
                    Email ini dikirim otomatis oleh sistem KarirKu Polinema. Mohon tidak membalas email ini.
                 

[2026-10-02 08:54:30] KE: hrd@telkomindonesia.co.id | SUBJEK: Akun Anda Dinonaktifkan - KarirKu Polinema | (SMTP belum dikonfigurasi, dicatat sebagai log saja)
------------------------------------------------------------

                    KarirKu PolinemaAkun KarirKu Polinema Anda telah dinonaktifkan Admin.Alasan: Catatan uji otomatis.
                    Email ini dikirim otomatis oleh sistem KarirKu Polinema. Mohon tidak membalas email ini.
                 

[2026-10-02 08:54:30] KE: hrd@wilmarnabatiindonesia.co.id | SUBJEK: Akun Anda Dinonaktifkan - KarirKu Polinema | (SMTP belum dikonfigurasi, dicatat sebagai log saja)
------------------------------------------------------------

                    KarirKu PolinemaAkun KarirKu Polinema Anda telah dinonaktifkan Admin.Alasan: Catatan uji otomatis.
                    Email ini dikirim otomatis oleh sistem KarirKu Polinema. Mohon tidak membalas email ini.
                 

[2026-10-02 08:54:50] KE: ahmad.pratama@student.polinema.ac.id | SUBJEK: Akun Anda Dinonaktifkan - KarirKu Polinema | (SMTP belum dikonfigurasi, dicatat sebagai log saja)
------------------------------------------------------------

                    KarirKu PolinemaAkun KarirKu Polinema Anda telah dinonaktifkan Admin.Alasan: Catatan uji otomatis.
                    Email ini dikirim otomatis oleh sistem KarirKu Polinema. Mohon tidak membalas email ini.
                 

[2026-10-02 08:54:50] KE: alfian.ramadhan@student.polinema.ac.id | SUBJEK: Akun Anda Dinonaktifkan - KarirKu Polinema | (SMTP belum dikonfigurasi, dicatat sebagai log saja)
------------------------------------------------------------

                    KarirKu PolinemaAkun KarirKu Polinema Anda telah dinonaktifkan Admin.Alasan: Catatan uji otomatis.
                    Email ini dikirim otomatis oleh sistem KarirKu Polinema. Mohon tidak membalas email ini.
                 

[2026-10-02 08:54:50] KE: anisa.handayani@student.polinema.ac.id | SUBJEK: Akun Anda Dinonaktifkan - KarirKu Polinema | (SMTP belum dikonfigurasi, dicatat sebagai log saja)
------------------------------------------------------------

                    KarirKu PolinemaAkun KarirKu Polinema Anda telah dinonaktifkan Admin.Alasan: Catatan uji otomatis.
                    Email ini dikirim otomatis oleh sistem KarirKu Polinema. Mohon tidak membalas email ini.
                 

[2026-10-02 08:54:50] KE: arif.setiawan@student.polinema.ac.id | SUBJEK: Akun Anda Dinonaktifkan - KarirKu Polinema | (SMTP belum dikonfigurasi, dicatat sebagai log saja)
------------------------------------------------------------

                    KarirKu PolinemaAkun KarirKu Polinema Anda telah dinonaktifkan Admin.Alasan: Catatan uji otomatis.
                    Email ini dikirim otomatis oleh sistem KarirKu Polinema. Mohon tidak membalas email ini.
                 

[2026-10-02 08:54:50] KE: ayu.anggraini@student.polinema.ac.id | SUBJEK: Akun Anda Dinonaktifkan - KarirKu Polinema | (SMTP belum dikonfigurasi, dicatat sebagai log saja)
------------------------------------------------------------

                    KarirKu PolinemaAkun KarirKu Polinema Anda telah dinonaktifkan Admin.Alasan: Catatan uji otomatis.
                    Email ini dikirim otomatis oleh sistem KarirKu Polinema. Mohon tidak membalas email ini.
                 

[2026-10-02 08:54:50] KE: bagus.wicaksono@student.polinema.ac.id | SUBJEK: Akun Anda Dinonaktifkan - KarirKu Polinema | (SMTP belum dikonfigurasi, dicatat sebagai log saja)
------------------------------------------------------------

                    KarirKu PolinemaAkun KarirKu Polinema Anda telah dinonaktifkan Admin.Alasan: Catatan uji otomatis.
                    Email ini dikirim otomatis oleh sistem KarirKu Polinema. Mohon tidak membalas email ini.
                 

[2026-10-02 08:54:50] KE: bayu.gunawan@student.polinema.ac.id | SUBJEK: Akun Anda Dinonaktifkan - KarirKu Polinema | (SMTP belum dikonfigurasi, dicatat sebagai log saja)
------------------------------------------------------------

                    KarirKu PolinemaAkun KarirKu Polinema Anda telah dinonaktifkan Admin.Alasan: Catatan uji otomatis.
                    Email ini dikirim otomatis oleh sistem KarirKu Polinema. Mohon tidak membalas email ini.
                 

[2026-10-02 08:54:50] KE: bima.wijaya@student.polinema.ac.id | SUBJEK: Akun Anda Dinonaktifkan - KarirKu Polinema | (SMTP belum dikonfigurasi, dicatat sebagai log saja)
------------------------------------------------------------

                    KarirKu PolinemaAkun KarirKu Polinema Anda telah dinonaktifkan Admin.Alasan: Catatan uji otomatis.
                    Email ini dikirim otomatis oleh sistem KarirKu Polinema. Mohon tidak membalas email ini.
                 

[2026-10-02 08:54:50] KE: mahasiswa@polinema.ac.id | SUBJEK: Akun Anda Dinonaktifkan - KarirKu Polinema | (SMTP belum dikonfigurasi, dicatat sebagai log saja)
------------------------------------------------------------

                    KarirKu PolinemaAkun KarirKu Polinema Anda telah dinonaktifkan Admin.Alasan: Catatan uji otomatis.
                    Email ini dikirim otomatis oleh sistem KarirKu Polinema. Mohon tidak membalas email ini.
                 

[2026-10-02 08:54:50] KE: candra.wicaksono@student.polinema.ac.id | SUBJEK: Akun Anda Dinonaktifkan - KarirKu Polinema | (SMTP belum dikonfigurasi, dicatat sebagai log saja)
------------------------------------------------------------

                    KarirKu PolinemaAkun KarirKu Polinema Anda telah dinonaktifkan Admin.Alasan: Catatan uji otomatis.
                    Email ini dikirim otomatis oleh sistem KarirKu Polinema. Mohon tidak membalas email ini.
                 

[2026-10-02 08:54:50] KE: dani.prasetyo@student.polinema.ac.id | SUBJEK: Akun Anda Dinonaktifkan - KarirKu Polinema | (SMTP belum dikonfigurasi, dicatat sebagai log saja)
------------------------------------------------------------

                    KarirKu PolinemaAkun KarirKu Polinema Anda telah dinonaktifkan Admin.Alasan: Catatan uji otomatis.
                    Email ini dikirim otomatis oleh sistem KarirKu Polinema. Mohon tidak membalas email ini.
                 

[2026-10-02 08:54:50] KE: dewi.lestari@student.polinema.ac.id | SUBJEK: Akun Anda Dinonaktifkan - KarirKu Polinema | (SMTP belum dikonfigurasi, dicatat sebagai log saja)
------------------------------------------------------------

                    KarirKu PolinemaAkun KarirKu Polinema Anda telah dinonaktifkan Admin.Alasan: Catatan uji otomatis.
                    Email ini dikirim otomatis oleh sistem KarirKu Polinema. Mohon tidak membalas email ini.
                 

[2026-10-02 08:54:50] KE: diah.puspita@student.polinema.ac.id | SUBJEK: Akun Anda Dinonaktifkan - KarirKu Polinema | (SMTP belum dikonfigurasi, dicatat sebagai log saja)
------------------------------------------------------------

                    KarirKu PolinemaAkun KarirKu Polinema Anda telah dinonaktifkan Admin.Alasan: Catatan uji otomatis.
                    Email ini dikirim otomatis oleh sistem KarirKu Polinema. Mohon tidak membalas email ini.
                 

[2026-10-02 08:54:50] KE: dimas.santoso@student.polinema.ac.id | SUBJEK: Akun Anda Dinonaktifkan - KarirKu Polinema | (SMTP belum dikonfigurasi, dicatat sebagai log saja)
------------------------------------------------------------

                    KarirKu PolinemaAkun KarirKu Polinema Anda telah dinonaktifkan Admin.Alasan: Catatan uji otomatis.
                    Email ini dikirim otomatis oleh sistem KarirKu Polinema. Mohon tidak membalas email ini.
                 

[2026-10-02 08:54:50] KE: eko.purnomo@student.polinema.ac.id | SUBJEK: Akun Anda Dinonaktifkan - KarirKu Polinema | (SMTP belum dikonfigurasi, dicatat sebagai log saja)
------------------------------------------------------------

                    KarirKu PolinemaAkun KarirKu Polinema Anda telah dinonaktifkan Admin.Alasan: Catatan uji otomatis.
                    Email ini dikirim otomatis oleh sistem KarirKu Polinema. Mohon tidak membalas email ini.
                 

[2026-10-02 08:54:50] KE: fajar.ramadhan@student.polinema.ac.id | SUBJEK: Akun Anda Dinonaktifkan - KarirKu Polinema | (SMTP belum dikonfigurasi, dicatat sebagai log saja)
------------------------------------------------------------

                    KarirKu PolinemaAkun KarirKu Polinema Anda telah dinonaktifkan Admin.Alasan: Catatan uji otomatis.
                    Email ini dikirim otomatis oleh sistem KarirKu Polinema. Mohon tidak membalas email ini.
                 

[2026-10-02 08:54:50] KE: fitri.khoirunnisa@student.polinema.ac.id | SUBJEK: Akun Anda Dinonaktifkan - KarirKu Polinema | (SMTP belum dikonfigurasi, dicatat sebagai log saja)
------------------------------------------------------------

                    KarirKu PolinemaAkun KarirKu Polinema Anda telah dinonaktifkan Admin.Alasan: Catatan uji otomatis.
                    Email ini dikirim otomatis oleh sistem KarirKu Polinema. Mohon tidak membalas email ini.
                 

[2026-10-02 08:54:50] KE: galih.hartono@student.polinema.ac.id | SUBJEK: Akun Anda Dinonaktifkan - KarirKu Polinema | (SMTP belum dikonfigurasi, dicatat sebagai log saja)
------------------------------------------------------------

                    KarirKu PolinemaAkun KarirKu Polinema Anda telah dinonaktifkan Admin.Alasan: Catatan uji otomatis.
                    Email ini dikirim otomatis oleh sistem KarirKu Polinema. Mohon tidak membalas email ini.
                 

[2026-10-02 08:54:50] KE: gilang.saputra@student.polinema.ac.id | SUBJEK: Akun Anda Dinonaktifkan - KarirKu Polinema | (SMTP belum dikonfigurasi, dicatat sebagai log saja)
------------------------------------------------------------

                    KarirKu PolinemaAkun KarirKu Polinema Anda telah dinonaktifkan Admin.Alasan: Catatan uji otomatis.
                    Email ini dikirim otomatis oleh sistem KarirKu Polinema. Mohon tidak membalas email ini.
                 

[2026-10-02 08:54:50] KE: hafiz.setiawan@student.polinema.ac.id | SUBJEK: Akun Anda Dinonaktifkan - KarirKu Polinema | (SMTP belum dikonfigurasi, dicatat sebagai log saja)
------------------------------------------------------------

                    KarirKu PolinemaAkun KarirKu Polinema Anda telah dinonaktifkan Admin.Alasan: Catatan uji otomatis.
                    Email ini dikirim otomatis oleh sistem KarirKu Polinema. Mohon tidak membalas email ini.
                 

[2026-10-02 08:54:50] KE: hendra.wijaya@student.polinema.ac.id | SUBJEK: Akun Anda Dinonaktifkan - KarirKu Polinema | (SMTP belum dikonfigurasi, dicatat sebagai log saja)
------------------------------------------------------------

                    KarirKu PolinemaAkun KarirKu Polinema Anda telah dinonaktifkan Admin.Alasan: Catatan uji otomatis.
                    Email ini dikirim otomatis oleh sistem KarirKu Polinema. Mohon tidak membalas email ini.
                 

[2026-10-02 08:54:50] KE: intan.permata@student.polinema.ac.id | SUBJEK: Akun Anda Dinonaktifkan - KarirKu Polinema | (SMTP belum dikonfigurasi, dicatat sebagai log saja)
------------------------------------------------------------

                    KarirKu PolinemaAkun KarirKu Polinema Anda telah dinonaktifkan Admin.Alasan: Catatan uji otomatis.
                    Email ini dikirim otomatis oleh sistem KarirKu Polinema. Mohon tidak membalas email ini.
                 

[2026-10-02 08:54:50] KE: irfan.mahendra@student.polinema.ac.id | SUBJEK: Akun Anda Dinonaktifkan - KarirKu Polinema | (SMTP belum dikonfigurasi, dicatat sebagai log saja)
------------------------------------------------------------

                    KarirKu PolinemaAkun KarirKu Polinema Anda telah dinonaktifkan Admin.Alasan: Catatan uji otomatis.
                    Email ini dikirim otomatis oleh sistem KarirKu Polinema. Mohon tidak membalas email ini.
                 

[2026-10-02 08:54:50] KE: kirana.maharani@student.polinema.ac.id | SUBJEK: Akun Anda Dinonaktifkan - KarirKu Polinema | (SMTP belum dikonfigurasi, dicatat sebagai log saja)
------------------------------------------------------------

                    KarirKu PolinemaAkun KarirKu Polinema Anda telah dinonaktifkan Admin.Alasan: Catatan uji otomatis.
                    Email ini dikirim otomatis oleh sistem KarirKu Polinema. Mohon tidak membalas email ini.
                 

[2026-10-02 08:54:50] KE: laila.rahmawati@student.polinema.ac.id | SUBJEK: Akun Anda Dinonaktifkan - KarirKu Polinema | (SMTP belum dikonfigurasi, dicatat sebagai log saja)
------------------------------------------------------------

                    KarirKu PolinemaAkun KarirKu Polinema Anda telah dinonaktifkan Admin.Alasan: Catatan uji otomatis.
                    Email ini dikirim otomatis oleh sistem KarirKu Polinema. Mohon tidak membalas email ini.
                 

[2026-10-02 08:54:50] KE: lintang.nuraini@student.polinema.ac.id | SUBJEK: Akun Anda Dinonaktifkan - KarirKu Polinema | (SMTP belum dikonfigurasi, dicatat sebagai log saja)
------------------------------------------------------------

                    KarirKu PolinemaAkun KarirKu Polinema Anda telah dinonaktifkan Admin.Alasan: Catatan uji otomatis.
                    Email ini dikirim otomatis oleh sistem KarirKu Polinema. Mohon tidak membalas email ini.
                 

[2026-10-02 08:54:50] KE: maya.wulandari@student.polinema.ac.id | SUBJEK: Akun Anda Dinonaktifkan - KarirKu Polinema | (SMTP belum dikonfigurasi, dicatat sebagai log saja)
------------------------------------------------------------

                    KarirKu PolinemaAkun KarirKu Polinema Anda telah dinonaktifkan Admin.Alasan: Catatan uji otomatis.
                    Email ini dikirim otomatis oleh sistem KarirKu Polinema. Mohon tidak membalas email ini.
                 

[2026-10-02 08:54:50] KE: mega.maharani@student.polinema.ac.id | SUBJEK: Akun Anda Dinonaktifkan - KarirKu Polinema | (SMTP belum dikonfigurasi, dicatat sebagai log saja)
------------------------------------------------------------

                    KarirKu PolinemaAkun KarirKu Polinema Anda telah dinonaktifkan Admin.Alasan: Catatan uji otomatis.
                    Email ini dikirim otomatis oleh sistem KarirKu Polinema. Mohon tidak membalas email ini.
                 

[2026-10-02 08:54:51] KE: melati.anggraini@student.polinema.ac.id | SUBJEK: Akun Anda Dinonaktifkan - KarirKu Polinema | (SMTP belum dikonfigurasi, dicatat sebagai log saja)
------------------------------------------------------------

                    KarirKu PolinemaAkun KarirKu Polinema Anda telah dinonaktifkan Admin.Alasan: Catatan uji otomatis.
                    Email ini dikirim otomatis oleh sistem KarirKu Polinema. Mohon tidak membalas email ini.
                 

[2026-10-02 08:54:51] KE: calon.mahasiswa@student.polinema.ac.id | SUBJEK: Akun Anda Dinonaktifkan - KarirKu Polinema | (SMTP belum dikonfigurasi, dicatat sebagai log saja)
------------------------------------------------------------

                    KarirKu PolinemaAkun KarirKu Polinema Anda telah dinonaktifkan Admin.Alasan: Catatan uji otomatis.
                    Email ini dikirim otomatis oleh sistem KarirKu Polinema. Mohon tidak membalas email ini.
                 

[2026-10-02 08:54:51] KE: novi.andini@student.polinema.ac.id | SUBJEK: Akun Anda Dinonaktifkan - KarirKu Polinema | (SMTP belum dikonfigurasi, dicatat sebagai log saja)
------------------------------------------------------------

                    KarirKu PolinemaAkun KarirKu Polinema Anda telah dinonaktifkan Admin.Alasan: Catatan uji otomatis.
                    Email ini dikirim otomatis oleh sistem KarirKu Polinema. Mohon tidak membalas email ini.
                 

[2026-10-02 08:54:51] KE: nur.hidayah@student.polinema.ac.id | SUBJEK: Akun Anda Dinonaktifkan - KarirKu Polinema | (SMTP belum dikonfigurasi, dicatat sebagai log saja)
------------------------------------------------------------

                    KarirKu PolinemaAkun KarirKu Polinema Anda telah dinonaktifkan Admin.Alasan: Catatan uji otomatis.
                    Email ini dikirim otomatis oleh sistem KarirKu Polinema. Mohon tidak membalas email ini.
                 

[2026-10-02 08:54:51] KE: panji.firdaus@student.polinema.ac.id | SUBJEK: Akun Anda Dinonaktifkan - KarirKu Polinema | (SMTP belum dikonfigurasi, dicatat sebagai log saja)
------------------------------------------------------------

                    KarirKu PolinemaAkun KarirKu Polinema Anda telah dinonaktifkan Admin.Alasan: Catatan uji otomatis.
                    Email ini dikirim otomatis oleh sistem KarirKu Polinema. Mohon tidak membalas email ini.
                 

[2026-10-02 08:54:51] KE: putri.safitri@student.polinema.ac.id | SUBJEK: Akun Anda Dinonaktifkan - KarirKu Polinema | (SMTP belum dikonfigurasi, dicatat sebagai log saja)
------------------------------------------------------------

                    KarirKu PolinemaAkun KarirKu Polinema Anda telah dinonaktifkan Admin.Alasan: Catatan uji otomatis.
                    Email ini dikirim otomatis oleh sistem KarirKu Polinema. Mohon tidak membalas email ini.
                 

[2026-10-02 08:54:51] KE: rahma.permata@student.polinema.ac.id | SUBJEK: Akun Anda Dinonaktifkan - KarirKu Polinema | (SMTP belum dikonfigurasi, dicatat sebagai log saja)
------------------------------------------------------------

                    KarirKu PolinemaAkun KarirKu Polinema Anda telah dinonaktifkan Admin.Alasan: Catatan uji otomatis.
                    Email ini dikirim otomatis oleh sistem KarirKu Polinema. Mohon tidak membalas email ini.
                 

[2026-10-02 08:54:51] KE: rangga.nugroho@student.polinema.ac.id | SUBJEK: Akun Anda Dinonaktifkan - KarirKu Polinema | (SMTP belum dikonfigurasi, dicatat sebagai log saja)
------------------------------------------------------------

                    KarirKu PolinemaAkun KarirKu Polinema Anda telah dinonaktifkan Admin.Alasan: Catatan uji otomatis.
                    Email ini dikirim otomatis oleh sistem KarirKu Polinema. Mohon tidak membalas email ini.
                 

[2026-10-02 08:54:51] KE: ratna.safitri@student.polinema.ac.id | SUBJEK: Akun Anda Dinonaktifkan - KarirKu Polinema | (SMTP belum dikonfigurasi, dicatat sebagai log saja)
------------------------------------------------------------

                    KarirKu PolinemaAkun KarirKu Polinema Anda telah dinonaktifkan Admin.Alasan: Catatan uji otomatis.
                    Email ini dikirim otomatis oleh sistem KarirKu Polinema. Mohon tidak membalas email ini.
                 

[2026-10-02 08:54:51] KE: reza.siregar@student.polinema.ac.id | SUBJEK: Akun Anda Dinonaktifkan - KarirKu Polinema | (SMTP belum dikonfigurasi, dicatat sebagai log saja)
------------------------------------------------------------

                    KarirKu PolinemaAkun KarirKu Polinema Anda telah dinonaktifkan Admin.Alasan: Catatan uji otomatis.
                    Email ini dikirim otomatis oleh sistem KarirKu Polinema. Mohon tidak membalas email ini.
                 

[2026-10-02 08:54:51] KE: rina.kusuma@student.polinema.ac.id | SUBJEK: Akun Anda Dinonaktifkan - KarirKu Polinema | (SMTP belum dikonfigurasi, dicatat sebagai log saja)
------------------------------------------------------------

                    KarirKu PolinemaAkun KarirKu Polinema Anda telah dinonaktifkan Admin.Alasan: Catatan uji otomatis.
                    Email ini dikirim otomatis oleh sistem KarirKu Polinema. Mohon tidak membalas email ini.
                 

[2026-10-02 08:54:51] KE: rizky.saputra@student.polinema.ac.id | SUBJEK: Akun Anda Dinonaktifkan - KarirKu Polinema | (SMTP belum dikonfigurasi, dicatat sebagai log saja)
------------------------------------------------------------

                    KarirKu PolinemaAkun KarirKu Polinema Anda telah dinonaktifkan Admin.Alasan: Catatan uji otomatis.
                    Email ini dikirim otomatis oleh sistem KarirKu Polinema. Mohon tidak membalas email ini.
                 

[2026-10-02 08:54:51] KE: salsa.kusuma@student.polinema.ac.id | SUBJEK: Akun Anda Dinonaktifkan - KarirKu Polinema | (SMTP belum dikonfigurasi, dicatat sebagai log saja)
------------------------------------------------------------

                    KarirKu PolinemaAkun KarirKu Polinema Anda telah dinonaktifkan Admin.Alasan: Catatan uji otomatis.
                    Email ini dikirim otomatis oleh sistem KarirKu Polinema. Mohon tidak membalas email ini.
                 

[2026-10-02 08:54:51] KE: sari.oktaviani@student.polinema.ac.id | SUBJEK: Akun Anda Dinonaktifkan - KarirKu Polinema | (SMTP belum dikonfigurasi, dicatat sebagai log saja)
------------------------------------------------------------

                    KarirKu PolinemaAkun KarirKu Polinema Anda telah dinonaktifkan Admin.Alasan: Catatan uji otomatis.
                    Email ini dikirim otomatis oleh sistem KarirKu Polinema. Mohon tidak membalas email ini.
                 

[2026-10-02 08:54:51] KE: satrio.pratama@student.polinema.ac.id | SUBJEK: Akun Anda Dinonaktifkan - KarirKu Polinema | (SMTP belum dikonfigurasi, dicatat sebagai log saja)
------------------------------------------------------------

                    KarirKu PolinemaAkun KarirKu Polinema Anda telah dinonaktifkan Admin.Alasan: Catatan uji otomatis.
                    Email ini dikirim otomatis oleh sistem KarirKu Polinema. Mohon tidak membalas email ini.
                 

[2026-10-02 08:54:51] KE: siti.nuraini@student.polinema.ac.id | SUBJEK: Akun Anda Dinonaktifkan - KarirKu Polinema | (SMTP belum dikonfigurasi, dicatat sebagai log saja)
------------------------------------------------------------

                    KarirKu PolinemaAkun KarirKu Polinema Anda telah dinonaktifkan Admin.Alasan: Catatan uji otomatis.
                    Email ini dikirim otomatis oleh sistem KarirKu Polinema. Mohon tidak membalas email ini.
                 

[2026-10-02 08:54:51] KE: teguh.firdaus@student.polinema.ac.id | SUBJEK: Akun Anda Dinonaktifkan - KarirKu Polinema | (SMTP belum dikonfigurasi, dicatat sebagai log saja)
------------------------------------------------------------

                    KarirKu PolinemaAkun KarirKu Polinema Anda telah dinonaktifkan Admin.Alasan: Catatan uji otomatis.
                    Email ini dikirim otomatis oleh sistem KarirKu Polinema. Mohon tidak membalas email ini.
                 

[2026-10-02 08:54:51] KE: tiara.rahmawati@student.polinema.ac.id | SUBJEK: Akun Anda Dinonaktifkan - KarirKu Polinema | (SMTP belum dikonfigurasi, dicatat sebagai log saja)
------------------------------------------------------------

                    KarirKu PolinemaAkun KarirKu Polinema Anda telah dinonaktifkan Admin.Alasan: Catatan uji otomatis.
                    Email ini dikirim otomatis oleh sistem KarirKu Polinema. Mohon tidak membalas email ini.
                 

[2026-10-02 08:54:51] KE: vina.oktaviani@student.polinema.ac.id | SUBJEK: Akun Anda Dinonaktifkan - KarirKu Polinema | (SMTP belum dikonfigurasi, dicatat sebagai log saja)
------------------------------------------------------------

                    KarirKu PolinemaAkun KarirKu Polinema Anda telah dinonaktifkan Admin.Alasan: Catatan uji otomatis.
                    Email ini dikirim otomatis oleh sistem KarirKu Polinema. Mohon tidak membalas email ini.
                 

[2026-10-02 08:54:51] KE: wahyu.nugroho@student.polinema.ac.id | SUBJEK: Akun Anda Dinonaktifkan - KarirKu Polinema | (SMTP belum dikonfigurasi, dicatat sebagai log saja)
------------------------------------------------------------

                    KarirKu PolinemaAkun KarirKu Polinema Anda telah dinonaktifkan Admin.Alasan: Catatan uji otomatis.
                    Email ini dikirim otomatis oleh sistem KarirKu Polinema. Mohon tidak membalas email ini.
                 

[2026-10-02 08:54:51] KE: winda.hidayah@student.polinema.ac.id | SUBJEK: Akun Anda Dinonaktifkan - KarirKu Polinema | (SMTP belum dikonfigurasi, dicatat sebagai log saja)
------------------------------------------------------------

                    KarirKu PolinemaAkun KarirKu Polinema Anda telah dinonaktifkan Admin.Alasan: Catatan uji otomatis.
                    Email ini dikirim otomatis oleh sistem KarirKu Polinema. Mohon tidak membalas email ini.
                 

[2026-10-02 08:54:51] KE: yoga.prasetyo@student.polinema.ac.id | SUBJEK: Akun Anda Dinonaktifkan - KarirKu Polinema | (SMTP belum dikonfigurasi, dicatat sebagai log saja)
------------------------------------------------------------

                    KarirKu PolinemaAkun KarirKu Polinema Anda telah dinonaktifkan Admin.Alasan: Catatan uji otomatis.
                    Email ini dikirim otomatis oleh sistem KarirKu Polinema. Mohon tidak membalas email ini.
                 

[2026-10-02 08:54:51] KE: yusuf.santoso@student.polinema.ac.id | SUBJEK: Akun Anda Dinonaktifkan - KarirKu Polinema | (SMTP belum dikonfigurasi, dicatat sebagai log saja)
------------------------------------------------------------

                    KarirKu PolinemaAkun KarirKu Polinema Anda telah dinonaktifkan Admin.Alasan: Catatan uji otomatis.
                    Email ini dikirim otomatis oleh sistem KarirKu Polinema. Mohon tidak membalas email ini.
                 

[2026-10-02 08:54:51] KE: zahra.lestari@student.polinema.ac.id | SUBJEK: Akun Anda Dinonaktifkan - KarirKu Polinema | (SMTP belum dikonfigurasi, dicatat sebagai log saja)
------------------------------------------------------------

                    KarirKu PolinemaAkun KarirKu Polinema Anda telah dinonaktifkan Admin.Alasan: Catatan uji otomatis.
                    Email ini dikirim otomatis oleh sistem KarirKu Polinema. Mohon tidak membalas email ini.
                 

[2026-10-02 08:54:51] KE: hrd@adhikarya.co.id | SUBJEK: Akun Anda Dinonaktifkan - KarirKu Polinema | (SMTP belum dikonfigurasi, dicatat sebagai log saja)
------------------------------------------------------------

                    KarirKu PolinemaAkun KarirKu Polinema Anda telah dinonaktifkan Admin.Alasan: Catatan uji otomatis.
                    Email ini dikirim otomatis oleh sistem KarirKu Polinema. Mohon tidak membalas email ini.
                 

[2026-10-02 08:54:51] KE: hrd@astraotoparts.co.id | SUBJEK: Akun Anda Dinonaktifkan - KarirKu Polinema | (SMTP belum dikonfigurasi, dicatat sebagai log saja)
------------------------------------------------------------

                    KarirKu PolinemaAkun KarirKu Polinema Anda telah dinonaktifkan Admin.Alasan: Catatan uji otomatis.
                    Email ini dikirim otomatis oleh sistem KarirKu Polinema. Mohon tidak membalas email ini.
                 

[2026-10-02 08:54:51] KE: hrd@bankmandiri.co.id | SUBJEK: Akun Anda Dinonaktifkan - KarirKu Polinema | (SMTP belum dikonfigurasi, dicatat sebagai log saja)
------------------------------------------------------------

                    KarirKu PolinemaAkun KarirKu Polinema Anda telah dinonaktifkan Admin.Alasan: Catatan uji otomatis.
                    Email ini dikirim otomatis oleh sistem KarirKu Polinema. Mohon tidak membalas email ini.
                 

[2026-10-02 08:54:51] KE: hrd@barataindonesia.co.id | SUBJEK: Akun Anda Dinonaktifkan - KarirKu Polinema | (SMTP belum dikonfigurasi, dicatat sebagai log saja)
------------------------------------------------------------

                    KarirKu PolinemaAkun KarirKu Polinema Anda telah dinonaktifkan Admin.Alasan: Catatan uji otomatis.
                    Email ini dikirim otomatis oleh sistem KarirKu Polinema. Mohon tidak membalas email ini.
                 

[2026-10-02 08:54:51] KE: hrd@energilistrikmandiri.co.id | SUBJEK: Akun Anda Dinonaktifkan - KarirKu Polinema | (SMTP belum dikonfigurasi, dicatat sebagai log saja)
------------------------------------------------------------

                    KarirKu PolinemaAkun KarirKu Polinema Anda telah dinonaktifkan Admin.Alasan: Catatan uji otomatis.
                    Email ini dikirim otomatis oleh sistem KarirKu Polinema. Mohon tidak membalas email ini.
                 

[2026-10-02 08:54:51] KE: hrd@gudanggaram.co.id | SUBJEK: Akun Anda Dinonaktifkan - KarirKu Polinema | (SMTP belum dikonfigurasi, dicatat sebagai log saja)
------------------------------------------------------------

                    KarirKu PolinemaAkun KarirKu Polinema Anda telah dinonaktifkan Admin.Alasan: Catatan uji otomatis.
                    Email ini dikirim otomatis oleh sistem KarirKu Polinema. Mohon tidak membalas email ini.
                 

[2026-10-02 08:54:51] KE: hrd@karyaabadi.co.id | SUBJEK: Akun Anda Dinonaktifkan - KarirKu Polinema | (SMTP belum dikonfigurasi, dicatat sebagai log saja)
------------------------------------------------------------

                    KarirKu PolinemaAkun KarirKu Polinema Anda telah dinonaktifkan Admin.Alasan: Catatan uji otomatis.
                    Email ini dikirim otomatis oleh sistem KarirKu Polinema. Mohon tidak membalas email ini.
                 

[2026-10-02 08:54:51] KE: hrd@mitraarsipnusantara.co.id | SUBJEK: Akun Anda Dinonaktifkan - KarirKu Polinema | (SMTP belum dikonfigurasi, dicatat sebagai log saja)
------------------------------------------------------------

                    KarirKu PolinemaAkun KarirKu Polinema Anda telah dinonaktifkan Admin.Alasan: Catatan uji otomatis.
                    Email ini dikirim otomatis oleh sistem KarirKu Polinema. Mohon tidak membalas email ini.
                 

[2026-10-02 08:54:51] KE: hrd@mitrasejahtera.co.id | SUBJEK: Akun Anda Dinonaktifkan - KarirKu Polinema | (SMTP belum dikonfigurasi, dicatat sebagai log saja)
------------------------------------------------------------

                    KarirKu PolinemaAkun KarirKu Polinema Anda telah dinonaktifkan Admin.Alasan: Catatan uji otomatis.
                    Email ini dikirim otomatis oleh sistem KarirKu Polinema. Mohon tidak membalas email ini.
                 

[2026-10-02 08:54:51] KE: hrd@nestleindonesia.co.id | SUBJEK: Akun Anda Dinonaktifkan - KarirKu Polinema | (SMTP belum dikonfigurasi, dicatat sebagai log saja)
------------------------------------------------------------

                    KarirKu PolinemaAkun KarirKu Polinema Anda telah dinonaktifkan Admin.Alasan: Catatan uji otomatis.
                    Email ini dikirim otomatis oleh sistem KarirKu Polinema. Mohon tidak membalas email ini.
                 

[2026-10-02 08:54:51] KE: perusahaan@polinema.ac.id | SUBJEK: Akun Anda Dinonaktifkan - KarirKu Polinema | (SMTP belum dikonfigurasi, dicatat sebagai log saja)
------------------------------------------------------------

                    KarirKu PolinemaAkun KarirKu Polinema Anda telah dinonaktifkan Admin.Alasan: Catatan uji otomatis.
                    Email ini dikirim otomatis oleh sistem KarirKu Polinema. Mohon tidak membalas email ini.
                 

[2026-10-02 08:54:51] KE: hrd@nusantarateknologicerd.co.id | SUBJEK: Akun Anda Dinonaktifkan - KarirKu Polinema | (SMTP belum dikonfigurasi, dicatat sebagai log saja)
------------------------------------------------------------

                    KarirKu PolinemaAkun KarirKu Polinema Anda telah dinonaktifkan Admin.Alasan: Catatan uji otomatis.
                    Email ini dikirim otomatis oleh sistem KarirKu Polinema. Mohon tidak membalas email ini.
                 

[2026-10-02 08:54:51] KE: hrd@pertaminapatraniaga.co.id | SUBJEK: Akun Anda Dinonaktifkan - KarirKu Polinema | (SMTP belum dikonfigurasi, dicatat sebagai log saja)
------------------------------------------------------------

                    KarirKu PolinemaAkun KarirKu Polinema Anda telah dinonaktifkan Admin.Alasan: Catatan uji otomatis.
                    Email ini dikirim otomatis oleh sistem KarirKu Polinema. Mohon tidak membalas email ini.
                 

[2026-10-02 08:54:51] KE: hrd@pindad.co.id | SUBJEK: Akun Anda Dinonaktifkan - KarirKu Polinema | (SMTP belum dikonfigurasi, dicatat sebagai log saja)
------------------------------------------------------------

                    KarirKu PolinemaAkun KarirKu Polinema Anda telah dinonaktifkan Admin.Alasan: Catatan uji otomatis.
                    Email ini dikirim otomatis oleh sistem KarirKu Polinema. Mohon tidak membalas email ini.
                 

[2026-10-02 08:54:51] KE: hrd@semenindonesia.co.id | SUBJEK: Akun Anda Dinonaktifkan - KarirKu Polinema | (SMTP belum dikonfigurasi, dicatat sebagai log saja)
------------------------------------------------------------

                    KarirKu PolinemaAkun KarirKu Polinema Anda telah dinonaktifkan Admin.Alasan: Catatan uji otomatis.
                    Email ini dikirim otomatis oleh sistem KarirKu Polinema. Mohon tidak membalas email ini.
                 

[2026-10-02 08:54:51] KE: hrd@sinergidatanusantara.co.id | SUBJEK: Akun Anda Dinonaktifkan - KarirKu Polinema | (SMTP belum dikonfigurasi, dicatat sebagai log saja)
------------------------------------------------------------

                    KarirKu PolinemaAkun KarirKu Polinema Anda telah dinonaktifkan Admin.Alasan: Catatan uji otomatis.
                    Email ini dikirim otomatis oleh sistem KarirKu Polinema. Mohon tidak membalas email ini.
                 

[2026-10-02 08:54:51] KE: hrd@telkomindonesia.co.id | SUBJEK: Akun Anda Dinonaktifkan - KarirKu Polinema | (SMTP belum dikonfigurasi, dicatat sebagai log saja)
------------------------------------------------------------

                    KarirKu PolinemaAkun KarirKu Polinema Anda telah dinonaktifkan Admin.Alasan: Catatan uji otomatis.
                    Email ini dikirim otomatis oleh sistem KarirKu Polinema. Mohon tidak membalas email ini.
                 

[2026-10-02 08:54:51] KE: hrd@wilmarnabatiindonesia.co.id | SUBJEK: Akun Anda Dinonaktifkan - KarirKu Polinema | (SMTP belum dikonfigurasi, dicatat sebagai log saja)
------------------------------------------------------------

                    KarirKu PolinemaAkun KarirKu Polinema Anda telah dinonaktifkan Admin.Alasan: Catatan uji otomatis.
                    Email ini dikirim otomatis oleh sistem KarirKu Polinema. Mohon tidak membalas email ini.
                 

[2026-10-02 09:10:27] KE: calon.mahasiswa@student.polinema.ac.id | SUBJEK: [KarirKu] Data pendaftaran Anda perlu diperbaiki | (SMTP belum dikonfigurasi, dicatat sebagai log saja)
------------------------------------------------------------

                    KarirKu PolinemaAdmin menemukan data atau dokumen yang perlu diperbaiki.Catatan Admin: Mohon lengkapi berkas.
                    Email ini dikirim otomatis oleh sistem KarirKu Polinema. Mohon tidak membalas email ini.
                 

[2026-10-02 09:10:27] KE: mahasiswa@polinema.ac.id | SUBJEK: Akun Anda Diaktifkan Kembali - KarirKu Polinema | (SMTP belum dikonfigurasi, dicatat sebagai log saja)
------------------------------------------------------------

                    KarirKu PolinemaAkun KarirKu Polinema Anda telah diaktifkan kembali. Silakan masuk seperti biasa.
                    Email ini dikirim otomatis oleh sistem KarirKu Polinema. Mohon tidak membalas email ini.
                 

[2026-10-02 09:11:57] KE: calon.mahasiswa@student.polinema.ac.id | SUBJEK: [KarirKu] Data pendaftaran Anda perlu diperbaiki | (SMTP belum dikonfigurasi, dicatat sebagai log saja)
------------------------------------------------------------

                    KarirKu PolinemaAdmin menemukan data atau dokumen yang perlu diperbaiki.Catatan Admin: Mohon lengkapi berkas.
                    Email ini dikirim otomatis oleh sistem KarirKu Polinema. Mohon tidak membalas email ini.
                 

[2026-10-02 09:11:57] KE: mahasiswa@polinema.ac.id | SUBJEK: Akun Anda Diaktifkan Kembali - KarirKu Polinema | (SMTP belum dikonfigurasi, dicatat sebagai log saja)
------------------------------------------------------------

                    KarirKu PolinemaAkun KarirKu Polinema Anda telah diaktifkan kembali. Silakan masuk seperti biasa.
                    Email ini dikirim otomatis oleh sistem KarirKu Polinema. Mohon tidak membalas email ini.
                 

[2026-10-02 09:11:59] KE: ahmad.pratama@student.polinema.ac.id | SUBJEK: Akun Anda Dinonaktifkan - KarirKu Polinema | (SMTP belum dikonfigurasi, dicatat sebagai log saja)
------------------------------------------------------------

                    KarirKu PolinemaAkun KarirKu Polinema Anda telah dinonaktifkan Admin.Alasan: Catatan uji otomatis.
                    Email ini dikirim otomatis oleh sistem KarirKu Polinema. Mohon tidak membalas email ini.
                 

[2026-10-02 09:11:59] KE: alfian.ramadhan@student.polinema.ac.id | SUBJEK: Akun Anda Dinonaktifkan - KarirKu Polinema | (SMTP belum dikonfigurasi, dicatat sebagai log saja)
------------------------------------------------------------

                    KarirKu PolinemaAkun KarirKu Polinema Anda telah dinonaktifkan Admin.Alasan: Catatan uji otomatis.
                    Email ini dikirim otomatis oleh sistem KarirKu Polinema. Mohon tidak membalas email ini.
                 

[2026-10-02 09:11:59] KE: anisa.handayani@student.polinema.ac.id | SUBJEK: Akun Anda Dinonaktifkan - KarirKu Polinema | (SMTP belum dikonfigurasi, dicatat sebagai log saja)
------------------------------------------------------------

                    KarirKu PolinemaAkun KarirKu Polinema Anda telah dinonaktifkan Admin.Alasan: Catatan uji otomatis.
                    Email ini dikirim otomatis oleh sistem KarirKu Polinema. Mohon tidak membalas email ini.
                 

[2026-10-02 09:11:59] KE: arif.setiawan@student.polinema.ac.id | SUBJEK: Akun Anda Dinonaktifkan - KarirKu Polinema | (SMTP belum dikonfigurasi, dicatat sebagai log saja)
------------------------------------------------------------

                    KarirKu PolinemaAkun KarirKu Polinema Anda telah dinonaktifkan Admin.Alasan: Catatan uji otomatis.
                    Email ini dikirim otomatis oleh sistem KarirKu Polinema. Mohon tidak membalas email ini.
                 

[2026-10-02 09:11:59] KE: ayu.anggraini@student.polinema.ac.id | SUBJEK: Akun Anda Dinonaktifkan - KarirKu Polinema | (SMTP belum dikonfigurasi, dicatat sebagai log saja)
------------------------------------------------------------

                    KarirKu PolinemaAkun KarirKu Polinema Anda telah dinonaktifkan Admin.Alasan: Catatan uji otomatis.
                    Email ini dikirim otomatis oleh sistem KarirKu Polinema. Mohon tidak membalas email ini.
                 

[2026-10-02 09:11:59] KE: bagus.wicaksono@student.polinema.ac.id | SUBJEK: Akun Anda Dinonaktifkan - KarirKu Polinema | (SMTP belum dikonfigurasi, dicatat sebagai log saja)
------------------------------------------------------------

                    KarirKu PolinemaAkun KarirKu Polinema Anda telah dinonaktifkan Admin.Alasan: Catatan uji otomatis.
                    Email ini dikirim otomatis oleh sistem KarirKu Polinema. Mohon tidak membalas email ini.
                 

[2026-10-02 09:11:59] KE: bayu.gunawan@student.polinema.ac.id | SUBJEK: Akun Anda Dinonaktifkan - KarirKu Polinema | (SMTP belum dikonfigurasi, dicatat sebagai log saja)
------------------------------------------------------------

                    KarirKu PolinemaAkun KarirKu Polinema Anda telah dinonaktifkan Admin.Alasan: Catatan uji otomatis.
                    Email ini dikirim otomatis oleh sistem KarirKu Polinema. Mohon tidak membalas email ini.
                 

[2026-10-02 09:11:59] KE: bima.wijaya@student.polinema.ac.id | SUBJEK: Akun Anda Dinonaktifkan - KarirKu Polinema | (SMTP belum dikonfigurasi, dicatat sebagai log saja)
------------------------------------------------------------

                    KarirKu PolinemaAkun KarirKu Polinema Anda telah dinonaktifkan Admin.Alasan: Catatan uji otomatis.
                    Email ini dikirim otomatis oleh sistem KarirKu Polinema. Mohon tidak membalas email ini.
                 

[2026-10-02 09:11:59] KE: mahasiswa@polinema.ac.id | SUBJEK: Akun Anda Dinonaktifkan - KarirKu Polinema | (SMTP belum dikonfigurasi, dicatat sebagai log saja)
------------------------------------------------------------

                    KarirKu PolinemaAkun KarirKu Polinema Anda telah dinonaktifkan Admin.Alasan: Catatan uji otomatis.
                    Email ini dikirim otomatis oleh sistem KarirKu Polinema. Mohon tidak membalas email ini.
                 

[2026-10-02 09:11:59] KE: candra.wicaksono@student.polinema.ac.id | SUBJEK: Akun Anda Dinonaktifkan - KarirKu Polinema | (SMTP belum dikonfigurasi, dicatat sebagai log saja)
------------------------------------------------------------

                    KarirKu PolinemaAkun KarirKu Polinema Anda telah dinonaktifkan Admin.Alasan: Catatan uji otomatis.
                    Email ini dikirim otomatis oleh sistem KarirKu Polinema. Mohon tidak membalas email ini.
                 

[2026-10-02 09:11:59] KE: dani.prasetyo@student.polinema.ac.id | SUBJEK: Akun Anda Dinonaktifkan - KarirKu Polinema | (SMTP belum dikonfigurasi, dicatat sebagai log saja)
------------------------------------------------------------

                    KarirKu PolinemaAkun KarirKu Polinema Anda telah dinonaktifkan Admin.Alasan: Catatan uji otomatis.
                    Email ini dikirim otomatis oleh sistem KarirKu Polinema. Mohon tidak membalas email ini.
                 

[2026-10-02 09:11:59] KE: dewi.lestari@student.polinema.ac.id | SUBJEK: Akun Anda Dinonaktifkan - KarirKu Polinema | (SMTP belum dikonfigurasi, dicatat sebagai log saja)
------------------------------------------------------------

                    KarirKu PolinemaAkun KarirKu Polinema Anda telah dinonaktifkan Admin.Alasan: Catatan uji otomatis.
                    Email ini dikirim otomatis oleh sistem KarirKu Polinema. Mohon tidak membalas email ini.
                 

[2026-10-02 09:11:59] KE: diah.puspita@student.polinema.ac.id | SUBJEK: Akun Anda Dinonaktifkan - KarirKu Polinema | (SMTP belum dikonfigurasi, dicatat sebagai log saja)
------------------------------------------------------------

                    KarirKu PolinemaAkun KarirKu Polinema Anda telah dinonaktifkan Admin.Alasan: Catatan uji otomatis.
                    Email ini dikirim otomatis oleh sistem KarirKu Polinema. Mohon tidak membalas email ini.
                 

[2026-10-02 09:11:59] KE: dimas.santoso@student.polinema.ac.id | SUBJEK: Akun Anda Dinonaktifkan - KarirKu Polinema | (SMTP belum dikonfigurasi, dicatat sebagai log saja)
------------------------------------------------------------

                    KarirKu PolinemaAkun KarirKu Polinema Anda telah dinonaktifkan Admin.Alasan: Catatan uji otomatis.
                    Email ini dikirim otomatis oleh sistem KarirKu Polinema. Mohon tidak membalas email ini.
                 

[2026-10-02 09:11:59] KE: eko.purnomo@student.polinema.ac.id | SUBJEK: Akun Anda Dinonaktifkan - KarirKu Polinema | (SMTP belum dikonfigurasi, dicatat sebagai log saja)
------------------------------------------------------------

                    KarirKu PolinemaAkun KarirKu Polinema Anda telah dinonaktifkan Admin.Alasan: Catatan uji otomatis.
                    Email ini dikirim otomatis oleh sistem KarirKu Polinema. Mohon tidak membalas email ini.
                 

[2026-10-02 09:11:59] KE: fajar.ramadhan@student.polinema.ac.id | SUBJEK: Akun Anda Dinonaktifkan - KarirKu Polinema | (SMTP belum dikonfigurasi, dicatat sebagai log saja)
------------------------------------------------------------

                    KarirKu PolinemaAkun KarirKu Polinema Anda telah dinonaktifkan Admin.Alasan: Catatan uji otomatis.
                    Email ini dikirim otomatis oleh sistem KarirKu Polinema. Mohon tidak membalas email ini.
                 

[2026-10-02 09:11:59] KE: fitri.khoirunnisa@student.polinema.ac.id | SUBJEK: Akun Anda Dinonaktifkan - KarirKu Polinema | (SMTP belum dikonfigurasi, dicatat sebagai log saja)
------------------------------------------------------------

                    KarirKu PolinemaAkun KarirKu Polinema Anda telah dinonaktifkan Admin.Alasan: Catatan uji otomatis.
                    Email ini dikirim otomatis oleh sistem KarirKu Polinema. Mohon tidak membalas email ini.
                 

[2026-10-02 09:11:59] KE: galih.hartono@student.polinema.ac.id | SUBJEK: Akun Anda Dinonaktifkan - KarirKu Polinema | (SMTP belum dikonfigurasi, dicatat sebagai log saja)
------------------------------------------------------------

                    KarirKu PolinemaAkun KarirKu Polinema Anda telah dinonaktifkan Admin.Alasan: Catatan uji otomatis.
                    Email ini dikirim otomatis oleh sistem KarirKu Polinema. Mohon tidak membalas email ini.
                 

[2026-10-02 09:11:59] KE: gilang.saputra@student.polinema.ac.id | SUBJEK: Akun Anda Dinonaktifkan - KarirKu Polinema | (SMTP belum dikonfigurasi, dicatat sebagai log saja)
------------------------------------------------------------

                    KarirKu PolinemaAkun KarirKu Polinema Anda telah dinonaktifkan Admin.Alasan: Catatan uji otomatis.
                    Email ini dikirim otomatis oleh sistem KarirKu Polinema. Mohon tidak membalas email ini.
                 

[2026-10-02 09:11:59] KE: hafiz.setiawan@student.polinema.ac.id | SUBJEK: Akun Anda Dinonaktifkan - KarirKu Polinema | (SMTP belum dikonfigurasi, dicatat sebagai log saja)
------------------------------------------------------------

                    KarirKu PolinemaAkun KarirKu Polinema Anda telah dinonaktifkan Admin.Alasan: Catatan uji otomatis.
                    Email ini dikirim otomatis oleh sistem KarirKu Polinema. Mohon tidak membalas email ini.
                 

[2026-10-02 09:11:59] KE: hendra.wijaya@student.polinema.ac.id | SUBJEK: Akun Anda Dinonaktifkan - KarirKu Polinema | (SMTP belum dikonfigurasi, dicatat sebagai log saja)
------------------------------------------------------------

                    KarirKu PolinemaAkun KarirKu Polinema Anda telah dinonaktifkan Admin.Alasan: Catatan uji otomatis.
                    Email ini dikirim otomatis oleh sistem KarirKu Polinema. Mohon tidak membalas email ini.
                 

[2026-10-02 09:11:59] KE: intan.permata@student.polinema.ac.id | SUBJEK: Akun Anda Dinonaktifkan - KarirKu Polinema | (SMTP belum dikonfigurasi, dicatat sebagai log saja)
------------------------------------------------------------

                    KarirKu PolinemaAkun KarirKu Polinema Anda telah dinonaktifkan Admin.Alasan: Catatan uji otomatis.
                    Email ini dikirim otomatis oleh sistem KarirKu Polinema. Mohon tidak membalas email ini.
                 

[2026-10-02 09:11:59] KE: irfan.mahendra@student.polinema.ac.id | SUBJEK: Akun Anda Dinonaktifkan - KarirKu Polinema | (SMTP belum dikonfigurasi, dicatat sebagai log saja)
------------------------------------------------------------

                    KarirKu PolinemaAkun KarirKu Polinema Anda telah dinonaktifkan Admin.Alasan: Catatan uji otomatis.
                    Email ini dikirim otomatis oleh sistem KarirKu Polinema. Mohon tidak membalas email ini.
                 

[2026-10-02 09:11:59] KE: kirana.maharani@student.polinema.ac.id | SUBJEK: Akun Anda Dinonaktifkan - KarirKu Polinema | (SMTP belum dikonfigurasi, dicatat sebagai log saja)
------------------------------------------------------------

                    KarirKu PolinemaAkun KarirKu Polinema Anda telah dinonaktifkan Admin.Alasan: Catatan uji otomatis.
                    Email ini dikirim otomatis oleh sistem KarirKu Polinema. Mohon tidak membalas email ini.
                 

[2026-10-02 09:11:59] KE: laila.rahmawati@student.polinema.ac.id | SUBJEK: Akun Anda Dinonaktifkan - KarirKu Polinema | (SMTP belum dikonfigurasi, dicatat sebagai log saja)
------------------------------------------------------------

                    KarirKu PolinemaAkun KarirKu Polinema Anda telah dinonaktifkan Admin.Alasan: Catatan uji otomatis.
                    Email ini dikirim otomatis oleh sistem KarirKu Polinema. Mohon tidak membalas email ini.
                 

[2026-10-02 09:11:59] KE: lintang.nuraini@student.polinema.ac.id | SUBJEK: Akun Anda Dinonaktifkan - KarirKu Polinema | (SMTP belum dikonfigurasi, dicatat sebagai log saja)
------------------------------------------------------------

                    KarirKu PolinemaAkun KarirKu Polinema Anda telah dinonaktifkan Admin.Alasan: Catatan uji otomatis.
                    Email ini dikirim otomatis oleh sistem KarirKu Polinema. Mohon tidak membalas email ini.
                 

[2026-10-02 09:11:59] KE: maya.wulandari@student.polinema.ac.id | SUBJEK: Akun Anda Dinonaktifkan - KarirKu Polinema | (SMTP belum dikonfigurasi, dicatat sebagai log saja)
------------------------------------------------------------

                    KarirKu PolinemaAkun KarirKu Polinema Anda telah dinonaktifkan Admin.Alasan: Catatan uji otomatis.
                    Email ini dikirim otomatis oleh sistem KarirKu Polinema. Mohon tidak membalas email ini.
                 

[2026-10-02 09:11:59] KE: mega.maharani@student.polinema.ac.id | SUBJEK: Akun Anda Dinonaktifkan - KarirKu Polinema | (SMTP belum dikonfigurasi, dicatat sebagai log saja)
------------------------------------------------------------

                    KarirKu PolinemaAkun KarirKu Polinema Anda telah dinonaktifkan Admin.Alasan: Catatan uji otomatis.
                    Email ini dikirim otomatis oleh sistem KarirKu Polinema. Mohon tidak membalas email ini.
                 

[2026-10-02 09:11:59] KE: melati.anggraini@student.polinema.ac.id | SUBJEK: Akun Anda Dinonaktifkan - KarirKu Polinema | (SMTP belum dikonfigurasi, dicatat sebagai log saja)
------------------------------------------------------------

                    KarirKu PolinemaAkun KarirKu Polinema Anda telah dinonaktifkan Admin.Alasan: Catatan uji otomatis.
                    Email ini dikirim otomatis oleh sistem KarirKu Polinema. Mohon tidak membalas email ini.
                 

[2026-10-02 09:11:59] KE: calon.mahasiswa@student.polinema.ac.id | SUBJEK: Akun Anda Dinonaktifkan - KarirKu Polinema | (SMTP belum dikonfigurasi, dicatat sebagai log saja)
------------------------------------------------------------

                    KarirKu PolinemaAkun KarirKu Polinema Anda telah dinonaktifkan Admin.Alasan: Catatan uji otomatis.
                    Email ini dikirim otomatis oleh sistem KarirKu Polinema. Mohon tidak membalas email ini.
                 

[2026-10-02 09:11:59] KE: novi.andini@student.polinema.ac.id | SUBJEK: Akun Anda Dinonaktifkan - KarirKu Polinema | (SMTP belum dikonfigurasi, dicatat sebagai log saja)
------------------------------------------------------------

                    KarirKu PolinemaAkun KarirKu Polinema Anda telah dinonaktifkan Admin.Alasan: Catatan uji otomatis.
                    Email ini dikirim otomatis oleh sistem KarirKu Polinema. Mohon tidak membalas email ini.
                 

[2026-10-02 09:11:59] KE: nur.hidayah@student.polinema.ac.id | SUBJEK: Akun Anda Dinonaktifkan - KarirKu Polinema | (SMTP belum dikonfigurasi, dicatat sebagai log saja)
------------------------------------------------------------

                    KarirKu PolinemaAkun KarirKu Polinema Anda telah dinonaktifkan Admin.Alasan: Catatan uji otomatis.
                    Email ini dikirim otomatis oleh sistem KarirKu Polinema. Mohon tidak membalas email ini.
                 

[2026-10-02 09:11:59] KE: panji.firdaus@student.polinema.ac.id | SUBJEK: Akun Anda Dinonaktifkan - KarirKu Polinema | (SMTP belum dikonfigurasi, dicatat sebagai log saja)
------------------------------------------------------------

                    KarirKu PolinemaAkun KarirKu Polinema Anda telah dinonaktifkan Admin.Alasan: Catatan uji otomatis.
                    Email ini dikirim otomatis oleh sistem KarirKu Polinema. Mohon tidak membalas email ini.
                 

[2026-10-02 09:11:59] KE: putri.safitri@student.polinema.ac.id | SUBJEK: Akun Anda Dinonaktifkan - KarirKu Polinema | (SMTP belum dikonfigurasi, dicatat sebagai log saja)
------------------------------------------------------------

                    KarirKu PolinemaAkun KarirKu Polinema Anda telah dinonaktifkan Admin.Alasan: Catatan uji otomatis.
                    Email ini dikirim otomatis oleh sistem KarirKu Polinema. Mohon tidak membalas email ini.
                 

[2026-10-02 09:11:59] KE: rahma.permata@student.polinema.ac.id | SUBJEK: Akun Anda Dinonaktifkan - KarirKu Polinema | (SMTP belum dikonfigurasi, dicatat sebagai log saja)
------------------------------------------------------------

                    KarirKu PolinemaAkun KarirKu Polinema Anda telah dinonaktifkan Admin.Alasan: Catatan uji otomatis.
                    Email ini dikirim otomatis oleh sistem KarirKu Polinema. Mohon tidak membalas email ini.
                 

[2026-10-02 09:11:59] KE: rangga.nugroho@student.polinema.ac.id | SUBJEK: Akun Anda Dinonaktifkan - KarirKu Polinema | (SMTP belum dikonfigurasi, dicatat sebagai log saja)
------------------------------------------------------------

                    KarirKu PolinemaAkun KarirKu Polinema Anda telah dinonaktifkan Admin.Alasan: Catatan uji otomatis.
                    Email ini dikirim otomatis oleh sistem KarirKu Polinema. Mohon tidak membalas email ini.
                 

[2026-10-02 09:11:59] KE: ratna.safitri@student.polinema.ac.id | SUBJEK: Akun Anda Dinonaktifkan - KarirKu Polinema | (SMTP belum dikonfigurasi, dicatat sebagai log saja)
------------------------------------------------------------

                    KarirKu PolinemaAkun KarirKu Polinema Anda telah dinonaktifkan Admin.Alasan: Catatan uji otomatis.
                    Email ini dikirim otomatis oleh sistem KarirKu Polinema. Mohon tidak membalas email ini.
                 

[2026-10-02 09:11:59] KE: reza.siregar@student.polinema.ac.id | SUBJEK: Akun Anda Dinonaktifkan - KarirKu Polinema | (SMTP belum dikonfigurasi, dicatat sebagai log saja)
------------------------------------------------------------

                    KarirKu PolinemaAkun KarirKu Polinema Anda telah dinonaktifkan Admin.Alasan: Catatan uji otomatis.
                    Email ini dikirim otomatis oleh sistem KarirKu Polinema. Mohon tidak membalas email ini.
                 

[2026-10-02 09:11:59] KE: rina.kusuma@student.polinema.ac.id | SUBJEK: Akun Anda Dinonaktifkan - KarirKu Polinema | (SMTP belum dikonfigurasi, dicatat sebagai log saja)
------------------------------------------------------------

                    KarirKu PolinemaAkun KarirKu Polinema Anda telah dinonaktifkan Admin.Alasan: Catatan uji otomatis.
                    Email ini dikirim otomatis oleh sistem KarirKu Polinema. Mohon tidak membalas email ini.
                 

[2026-10-02 09:11:59] KE: rizky.saputra@student.polinema.ac.id | SUBJEK: Akun Anda Dinonaktifkan - KarirKu Polinema | (SMTP belum dikonfigurasi, dicatat sebagai log saja)
------------------------------------------------------------

                    KarirKu PolinemaAkun KarirKu Polinema Anda telah dinonaktifkan Admin.Alasan: Catatan uji otomatis.
                    Email ini dikirim otomatis oleh sistem KarirKu Polinema. Mohon tidak membalas email ini.
                 

[2026-10-02 09:11:59] KE: salsa.kusuma@student.polinema.ac.id | SUBJEK: Akun Anda Dinonaktifkan - KarirKu Polinema | (SMTP belum dikonfigurasi, dicatat sebagai log saja)
------------------------------------------------------------

                    KarirKu PolinemaAkun KarirKu Polinema Anda telah dinonaktifkan Admin.Alasan: Catatan uji otomatis.
                    Email ini dikirim otomatis oleh sistem KarirKu Polinema. Mohon tidak membalas email ini.
                 

[2026-10-02 09:11:59] KE: sari.oktaviani@student.polinema.ac.id | SUBJEK: Akun Anda Dinonaktifkan - KarirKu Polinema | (SMTP belum dikonfigurasi, dicatat sebagai log saja)
------------------------------------------------------------

                    KarirKu PolinemaAkun KarirKu Polinema Anda telah dinonaktifkan Admin.Alasan: Catatan uji otomatis.
                    Email ini dikirim otomatis oleh sistem KarirKu Polinema. Mohon tidak membalas email ini.
                 

[2026-10-02 09:11:59] KE: satrio.pratama@student.polinema.ac.id | SUBJEK: Akun Anda Dinonaktifkan - KarirKu Polinema | (SMTP belum dikonfigurasi, dicatat sebagai log saja)
------------------------------------------------------------

                    KarirKu PolinemaAkun KarirKu Polinema Anda telah dinonaktifkan Admin.Alasan: Catatan uji otomatis.
                    Email ini dikirim otomatis oleh sistem KarirKu Polinema. Mohon tidak membalas email ini.
                 

[2026-10-02 09:11:59] KE: siti.nuraini@student.polinema.ac.id | SUBJEK: Akun Anda Dinonaktifkan - KarirKu Polinema | (SMTP belum dikonfigurasi, dicatat sebagai log saja)
------------------------------------------------------------

                    KarirKu PolinemaAkun KarirKu Polinema Anda telah dinonaktifkan Admin.Alasan: Catatan uji otomatis.
                    Email ini dikirim otomatis oleh sistem KarirKu Polinema. Mohon tidak membalas email ini.
                 

[2026-10-02 09:11:59] KE: teguh.firdaus@student.polinema.ac.id | SUBJEK: Akun Anda Dinonaktifkan - KarirKu Polinema | (SMTP belum dikonfigurasi, dicatat sebagai log saja)
------------------------------------------------------------

                    KarirKu PolinemaAkun KarirKu Polinema Anda telah dinonaktifkan Admin.Alasan: Catatan uji otomatis.
                    Email ini dikirim otomatis oleh sistem KarirKu Polinema. Mohon tidak membalas email ini.
                 

[2026-10-02 09:11:59] KE: tiara.rahmawati@student.polinema.ac.id | SUBJEK: Akun Anda Dinonaktifkan - KarirKu Polinema | (SMTP belum dikonfigurasi, dicatat sebagai log saja)
------------------------------------------------------------

                    KarirKu PolinemaAkun KarirKu Polinema Anda telah dinonaktifkan Admin.Alasan: Catatan uji otomatis.
                    Email ini dikirim otomatis oleh sistem KarirKu Polinema. Mohon tidak membalas email ini.
                 

[2026-10-02 09:11:59] KE: vina.oktaviani@student.polinema.ac.id | SUBJEK: Akun Anda Dinonaktifkan - KarirKu Polinema | (SMTP belum dikonfigurasi, dicatat sebagai log saja)
------------------------------------------------------------

                    KarirKu PolinemaAkun KarirKu Polinema Anda telah dinonaktifkan Admin.Alasan: Catatan uji otomatis.
                    Email ini dikirim otomatis oleh sistem KarirKu Polinema. Mohon tidak membalas email ini.
                 

[2026-10-02 09:11:59] KE: wahyu.nugroho@student.polinema.ac.id | SUBJEK: Akun Anda Dinonaktifkan - KarirKu Polinema | (SMTP belum dikonfigurasi, dicatat sebagai log saja)
------------------------------------------------------------

                    KarirKu PolinemaAkun KarirKu Polinema Anda telah dinonaktifkan Admin.Alasan: Catatan uji otomatis.
                    Email ini dikirim otomatis oleh sistem KarirKu Polinema. Mohon tidak membalas email ini.
                 

[2026-10-02 09:11:59] KE: winda.hidayah@student.polinema.ac.id | SUBJEK: Akun Anda Dinonaktifkan - KarirKu Polinema | (SMTP belum dikonfigurasi, dicatat sebagai log saja)
------------------------------------------------------------

                    KarirKu PolinemaAkun KarirKu Polinema Anda telah dinonaktifkan Admin.Alasan: Catatan uji otomatis.
                    Email ini dikirim otomatis oleh sistem KarirKu Polinema. Mohon tidak membalas email ini.
                 

[2026-10-02 09:11:59] KE: yoga.prasetyo@student.polinema.ac.id | SUBJEK: Akun Anda Dinonaktifkan - KarirKu Polinema | (SMTP belum dikonfigurasi, dicatat sebagai log saja)
------------------------------------------------------------

                    KarirKu PolinemaAkun KarirKu Polinema Anda telah dinonaktifkan Admin.Alasan: Catatan uji otomatis.
                    Email ini dikirim otomatis oleh sistem KarirKu Polinema. Mohon tidak membalas email ini.
                 

[2026-10-02 09:11:59] KE: yusuf.santoso@student.polinema.ac.id | SUBJEK: Akun Anda Dinonaktifkan - KarirKu Polinema | (SMTP belum dikonfigurasi, dicatat sebagai log saja)
------------------------------------------------------------

                    KarirKu PolinemaAkun KarirKu Polinema Anda telah dinonaktifkan Admin.Alasan: Catatan uji otomatis.
                    Email ini dikirim otomatis oleh sistem KarirKu Polinema. Mohon tidak membalas email ini.
                 

[2026-10-02 09:11:59] KE: zahra.lestari@student.polinema.ac.id | SUBJEK: Akun Anda Dinonaktifkan - KarirKu Polinema | (SMTP belum dikonfigurasi, dicatat sebagai log saja)
------------------------------------------------------------

                    KarirKu PolinemaAkun KarirKu Polinema Anda telah dinonaktifkan Admin.Alasan: Catatan uji otomatis.
                    Email ini dikirim otomatis oleh sistem KarirKu Polinema. Mohon tidak membalas email ini.
                 

[2026-10-02 09:11:59] KE: hrd@adhikarya.co.id | SUBJEK: Akun Anda Dinonaktifkan - KarirKu Polinema | (SMTP belum dikonfigurasi, dicatat sebagai log saja)
------------------------------------------------------------

                    KarirKu PolinemaAkun KarirKu Polinema Anda telah dinonaktifkan Admin.Alasan: Catatan uji otomatis.
                    Email ini dikirim otomatis oleh sistem KarirKu Polinema. Mohon tidak membalas email ini.
                 

[2026-10-02 09:11:59] KE: hrd@astraotoparts.co.id | SUBJEK: Akun Anda Dinonaktifkan - KarirKu Polinema | (SMTP belum dikonfigurasi, dicatat sebagai log saja)
------------------------------------------------------------

                    KarirKu PolinemaAkun KarirKu Polinema Anda telah dinonaktifkan Admin.Alasan: Catatan uji otomatis.
                    Email ini dikirim otomatis oleh sistem KarirKu Polinema. Mohon tidak membalas email ini.
                 

[2026-10-02 09:11:59] KE: hrd@bankmandiri.co.id | SUBJEK: Akun Anda Dinonaktifkan - KarirKu Polinema | (SMTP belum dikonfigurasi, dicatat sebagai log saja)
------------------------------------------------------------

                    KarirKu PolinemaAkun KarirKu Polinema Anda telah dinonaktifkan Admin.Alasan: Catatan uji otomatis.
                    Email ini dikirim otomatis oleh sistem KarirKu Polinema. Mohon tidak membalas email ini.
                 

[2026-10-02 09:11:59] KE: hrd@barataindonesia.co.id | SUBJEK: Akun Anda Dinonaktifkan - KarirKu Polinema | (SMTP belum dikonfigurasi, dicatat sebagai log saja)
------------------------------------------------------------

                    KarirKu PolinemaAkun KarirKu Polinema Anda telah dinonaktifkan Admin.Alasan: Catatan uji otomatis.
                    Email ini dikirim otomatis oleh sistem KarirKu Polinema. Mohon tidak membalas email ini.
                 

[2026-10-02 09:11:59] KE: hrd@energilistrikmandiri.co.id | SUBJEK: Akun Anda Dinonaktifkan - KarirKu Polinema | (SMTP belum dikonfigurasi, dicatat sebagai log saja)
------------------------------------------------------------

                    KarirKu PolinemaAkun KarirKu Polinema Anda telah dinonaktifkan Admin.Alasan: Catatan uji otomatis.
                    Email ini dikirim otomatis oleh sistem KarirKu Polinema. Mohon tidak membalas email ini.
                 

[2026-10-02 09:11:59] KE: hrd@gudanggaram.co.id | SUBJEK: Akun Anda Dinonaktifkan - KarirKu Polinema | (SMTP belum dikonfigurasi, dicatat sebagai log saja)
------------------------------------------------------------

                    KarirKu PolinemaAkun KarirKu Polinema Anda telah dinonaktifkan Admin.Alasan: Catatan uji otomatis.
                    Email ini dikirim otomatis oleh sistem KarirKu Polinema. Mohon tidak membalas email ini.
                 

[2026-10-02 09:11:59] KE: hrd@karyaabadi.co.id | SUBJEK: Akun Anda Dinonaktifkan - KarirKu Polinema | (SMTP belum dikonfigurasi, dicatat sebagai log saja)
------------------------------------------------------------

                    KarirKu PolinemaAkun KarirKu Polinema Anda telah dinonaktifkan Admin.Alasan: Catatan uji otomatis.
                    Email ini dikirim otomatis oleh sistem KarirKu Polinema. Mohon tidak membalas email ini.
                 

[2026-10-02 09:11:59] KE: hrd@mitraarsipnusantara.co.id | SUBJEK: Akun Anda Dinonaktifkan - KarirKu Polinema | (SMTP belum dikonfigurasi, dicatat sebagai log saja)
------------------------------------------------------------

                    KarirKu PolinemaAkun KarirKu Polinema Anda telah dinonaktifkan Admin.Alasan: Catatan uji otomatis.
                    Email ini dikirim otomatis oleh sistem KarirKu Polinema. Mohon tidak membalas email ini.
                 

[2026-10-02 09:11:59] KE: hrd@mitrasejahtera.co.id | SUBJEK: Akun Anda Dinonaktifkan - KarirKu Polinema | (SMTP belum dikonfigurasi, dicatat sebagai log saja)
------------------------------------------------------------

                    KarirKu PolinemaAkun KarirKu Polinema Anda telah dinonaktifkan Admin.Alasan: Catatan uji otomatis.
                    Email ini dikirim otomatis oleh sistem KarirKu Polinema. Mohon tidak membalas email ini.
                 

[2026-10-02 09:11:59] KE: hrd@nestleindonesia.co.id | SUBJEK: Akun Anda Dinonaktifkan - KarirKu Polinema | (SMTP belum dikonfigurasi, dicatat sebagai log saja)
------------------------------------------------------------

                    KarirKu PolinemaAkun KarirKu Polinema Anda telah dinonaktifkan Admin.Alasan: Catatan uji otomatis.
                    Email ini dikirim otomatis oleh sistem KarirKu Polinema. Mohon tidak membalas email ini.
                 

[2026-10-02 09:11:59] KE: perusahaan@polinema.ac.id | SUBJEK: Akun Anda Dinonaktifkan - KarirKu Polinema | (SMTP belum dikonfigurasi, dicatat sebagai log saja)
------------------------------------------------------------

                    KarirKu PolinemaAkun KarirKu Polinema Anda telah dinonaktifkan Admin.Alasan: Catatan uji otomatis.
                    Email ini dikirim otomatis oleh sistem KarirKu Polinema. Mohon tidak membalas email ini.
                 

[2026-10-02 09:11:59] KE: hrd@nusantarateknologicerd.co.id | SUBJEK: Akun Anda Dinonaktifkan - KarirKu Polinema | (SMTP belum dikonfigurasi, dicatat sebagai log saja)
------------------------------------------------------------

                    KarirKu PolinemaAkun KarirKu Polinema Anda telah dinonaktifkan Admin.Alasan: Catatan uji otomatis.
                    Email ini dikirim otomatis oleh sistem KarirKu Polinema. Mohon tidak membalas email ini.
                 

[2026-10-02 09:11:59] KE: hrd@pertaminapatraniaga.co.id | SUBJEK: Akun Anda Dinonaktifkan - KarirKu Polinema | (SMTP belum dikonfigurasi, dicatat sebagai log saja)
------------------------------------------------------------

                    KarirKu PolinemaAkun KarirKu Polinema Anda telah dinonaktifkan Admin.Alasan: Catatan uji otomatis.
                    Email ini dikirim otomatis oleh sistem KarirKu Polinema. Mohon tidak membalas email ini.
                 

[2026-10-02 09:11:59] KE: hrd@pindad.co.id | SUBJEK: Akun Anda Dinonaktifkan - KarirKu Polinema | (SMTP belum dikonfigurasi, dicatat sebagai log saja)
------------------------------------------------------------

                    KarirKu PolinemaAkun KarirKu Polinema Anda telah dinonaktifkan Admin.Alasan: Catatan uji otomatis.
                    Email ini dikirim otomatis oleh sistem KarirKu Polinema. Mohon tidak membalas email ini.
                 

[2026-10-02 09:11:59] KE: hrd@semenindonesia.co.id | SUBJEK: Akun Anda Dinonaktifkan - KarirKu Polinema | (SMTP belum dikonfigurasi, dicatat sebagai log saja)
------------------------------------------------------------

                    KarirKu PolinemaAkun KarirKu Polinema Anda telah dinonaktifkan Admin.Alasan: Catatan uji otomatis.
                    Email ini dikirim otomatis oleh sistem KarirKu Polinema. Mohon tidak membalas email ini.
                 

[2026-10-02 09:11:59] KE: hrd@sinergidatanusantara.co.id | SUBJEK: Akun Anda Dinonaktifkan - KarirKu Polinema | (SMTP belum dikonfigurasi, dicatat sebagai log saja)
------------------------------------------------------------

                    KarirKu PolinemaAkun KarirKu Polinema Anda telah dinonaktifkan Admin.Alasan: Catatan uji otomatis.
                    Email ini dikirim otomatis oleh sistem KarirKu Polinema. Mohon tidak membalas email ini.
                 

[2026-10-02 09:11:59] KE: hrd@telkomindonesia.co.id | SUBJEK: Akun Anda Dinonaktifkan - KarirKu Polinema | (SMTP belum dikonfigurasi, dicatat sebagai log saja)
------------------------------------------------------------

                    KarirKu PolinemaAkun KarirKu Polinema Anda telah dinonaktifkan Admin.Alasan: Catatan uji otomatis.
                    Email ini dikirim otomatis oleh sistem KarirKu Polinema. Mohon tidak membalas email ini.
                 

[2026-10-02 09:11:59] KE: hrd@wilmarnabatiindonesia.co.id | SUBJEK: Akun Anda Dinonaktifkan - KarirKu Polinema | (SMTP belum dikonfigurasi, dicatat sebagai log saja)
------------------------------------------------------------

                    KarirKu PolinemaAkun KarirKu Polinema Anda telah dinonaktifkan Admin.Alasan: Catatan uji otomatis.
                    Email ini dikirim otomatis oleh sistem KarirKu Polinema. Mohon tidak membalas email ini.
                 

[2026-10-02 09:35:09] KE: calon.mahasiswa@student.polinema.ac.id | SUBJEK: [KarirKu] Data pendaftaran Anda perlu diperbaiki | (SMTP belum dikonfigurasi, dicatat sebagai log saja)
------------------------------------------------------------

                    KarirKu PolinemaAdmin menemukan data atau dokumen yang perlu diperbaiki.Catatan Admin: Mohon lengkapi berkas.
                    Email ini dikirim otomatis oleh sistem KarirKu Polinema. Mohon tidak membalas email ini.
                 

[2026-10-02 09:35:09] KE: mahasiswa@polinema.ac.id | SUBJEK: Akun Anda Diaktifkan Kembali - KarirKu Polinema | (SMTP belum dikonfigurasi, dicatat sebagai log saja)
------------------------------------------------------------

                    KarirKu PolinemaAkun KarirKu Polinema Anda telah diaktifkan kembali. Silakan masuk seperti biasa.
                    Email ini dikirim otomatis oleh sistem KarirKu Polinema. Mohon tidak membalas email ini.
                 

[2026-10-02 09:38:19] KE: calon.mahasiswa@student.polinema.ac.id | SUBJEK: [KarirKu] Data pendaftaran Anda perlu diperbaiki | (SMTP belum dikonfigurasi, dicatat sebagai log saja)
------------------------------------------------------------

                    KarirKu PolinemaAdmin menemukan data atau dokumen yang perlu diperbaiki.Catatan Admin: Mohon lengkapi berkas.
                    Email ini dikirim otomatis oleh sistem KarirKu Polinema. Mohon tidak membalas email ini.
                 

[2026-10-02 09:38:19] KE: mahasiswa@polinema.ac.id | SUBJEK: Akun Anda Diaktifkan Kembali - KarirKu Polinema | (SMTP belum dikonfigurasi, dicatat sebagai log saja)
------------------------------------------------------------

                    KarirKu PolinemaAkun KarirKu Polinema Anda telah diaktifkan kembali. Silakan masuk seperti biasa.
                    Email ini dikirim otomatis oleh sistem KarirKu Polinema. Mohon tidak membalas email ini.
                 

[2026-10-02 09:38:21] KE: ahmad.pratama@student.polinema.ac.id | SUBJEK: Akun Anda Dinonaktifkan - KarirKu Polinema | (SMTP belum dikonfigurasi, dicatat sebagai log saja)
------------------------------------------------------------

                    KarirKu PolinemaAkun KarirKu Polinema Anda telah dinonaktifkan Admin.Alasan: Catatan uji otomatis.
                    Email ini dikirim otomatis oleh sistem KarirKu Polinema. Mohon tidak membalas email ini.
                 

[2026-10-02 09:38:21] KE: alfian.ramadhan@student.polinema.ac.id | SUBJEK: Akun Anda Dinonaktifkan - KarirKu Polinema | (SMTP belum dikonfigurasi, dicatat sebagai log saja)
------------------------------------------------------------

                    KarirKu PolinemaAkun KarirKu Polinema Anda telah dinonaktifkan Admin.Alasan: Catatan uji otomatis.
                    Email ini dikirim otomatis oleh sistem KarirKu Polinema. Mohon tidak membalas email ini.
                 

[2026-10-02 09:38:21] KE: anisa.handayani@student.polinema.ac.id | SUBJEK: Akun Anda Dinonaktifkan - KarirKu Polinema | (SMTP belum dikonfigurasi, dicatat sebagai log saja)
------------------------------------------------------------

                    KarirKu PolinemaAkun KarirKu Polinema Anda telah dinonaktifkan Admin.Alasan: Catatan uji otomatis.
                    Email ini dikirim otomatis oleh sistem KarirKu Polinema. Mohon tidak membalas email ini.
                 

[2026-10-02 09:38:21] KE: arif.setiawan@student.polinema.ac.id | SUBJEK: Akun Anda Dinonaktifkan - KarirKu Polinema | (SMTP belum dikonfigurasi, dicatat sebagai log saja)
------------------------------------------------------------

                    KarirKu PolinemaAkun KarirKu Polinema Anda telah dinonaktifkan Admin.Alasan: Catatan uji otomatis.
                    Email ini dikirim otomatis oleh sistem KarirKu Polinema. Mohon tidak membalas email ini.
                 

[2026-10-02 09:38:21] KE: ayu.anggraini@student.polinema.ac.id | SUBJEK: Akun Anda Dinonaktifkan - KarirKu Polinema | (SMTP belum dikonfigurasi, dicatat sebagai log saja)
------------------------------------------------------------

                    KarirKu PolinemaAkun KarirKu Polinema Anda telah dinonaktifkan Admin.Alasan: Catatan uji otomatis.
                    Email ini dikirim otomatis oleh sistem KarirKu Polinema. Mohon tidak membalas email ini.
                 

[2026-10-02 09:38:21] KE: bagus.wicaksono@student.polinema.ac.id | SUBJEK: Akun Anda Dinonaktifkan - KarirKu Polinema | (SMTP belum dikonfigurasi, dicatat sebagai log saja)
------------------------------------------------------------

                    KarirKu PolinemaAkun KarirKu Polinema Anda telah dinonaktifkan Admin.Alasan: Catatan uji otomatis.
                    Email ini dikirim otomatis oleh sistem KarirKu Polinema. Mohon tidak membalas email ini.
                 

[2026-10-02 09:38:21] KE: bayu.gunawan@student.polinema.ac.id | SUBJEK: Akun Anda Dinonaktifkan - KarirKu Polinema | (SMTP belum dikonfigurasi, dicatat sebagai log saja)
------------------------------------------------------------

                    KarirKu PolinemaAkun KarirKu Polinema Anda telah dinonaktifkan Admin.Alasan: Catatan uji otomatis.
                    Email ini dikirim otomatis oleh sistem KarirKu Polinema. Mohon tidak membalas email ini.
                 

[2026-10-02 09:38:21] KE: bima.wijaya@student.polinema.ac.id | SUBJEK: Akun Anda Dinonaktifkan - KarirKu Polinema | (SMTP belum dikonfigurasi, dicatat sebagai log saja)
------------------------------------------------------------

                    KarirKu PolinemaAkun KarirKu Polinema Anda telah dinonaktifkan Admin.Alasan: Catatan uji otomatis.
                    Email ini dikirim otomatis oleh sistem KarirKu Polinema. Mohon tidak membalas email ini.
                 

[2026-10-02 09:38:21] KE: mahasiswa@polinema.ac.id | SUBJEK: Akun Anda Dinonaktifkan - KarirKu Polinema | (SMTP belum dikonfigurasi, dicatat sebagai log saja)
------------------------------------------------------------

                    KarirKu PolinemaAkun KarirKu Polinema Anda telah dinonaktifkan Admin.Alasan: Catatan uji otomatis.
                    Email ini dikirim otomatis oleh sistem KarirKu Polinema. Mohon tidak membalas email ini.
                 

[2026-10-02 09:38:21] KE: candra.wicaksono@student.polinema.ac.id | SUBJEK: Akun Anda Dinonaktifkan - KarirKu Polinema | (SMTP belum dikonfigurasi, dicatat sebagai log saja)
------------------------------------------------------------

                    KarirKu PolinemaAkun KarirKu Polinema Anda telah dinonaktifkan Admin.Alasan: Catatan uji otomatis.
                    Email ini dikirim otomatis oleh sistem KarirKu Polinema. Mohon tidak membalas email ini.
                 

[2026-10-02 09:38:21] KE: dani.prasetyo@student.polinema.ac.id | SUBJEK: Akun Anda Dinonaktifkan - KarirKu Polinema | (SMTP belum dikonfigurasi, dicatat sebagai log saja)
------------------------------------------------------------

                    KarirKu PolinemaAkun KarirKu Polinema Anda telah dinonaktifkan Admin.Alasan: Catatan uji otomatis.
                    Email ini dikirim otomatis oleh sistem KarirKu Polinema. Mohon tidak membalas email ini.
                 

[2026-10-02 09:38:21] KE: dewi.lestari@student.polinema.ac.id | SUBJEK: Akun Anda Dinonaktifkan - KarirKu Polinema | (SMTP belum dikonfigurasi, dicatat sebagai log saja)
------------------------------------------------------------

                    KarirKu PolinemaAkun KarirKu Polinema Anda telah dinonaktifkan Admin.Alasan: Catatan uji otomatis.
                    Email ini dikirim otomatis oleh sistem KarirKu Polinema. Mohon tidak membalas email ini.
                 

[2026-10-02 09:38:21] KE: diah.puspita@student.polinema.ac.id | SUBJEK: Akun Anda Dinonaktifkan - KarirKu Polinema | (SMTP belum dikonfigurasi, dicatat sebagai log saja)
------------------------------------------------------------

                    KarirKu PolinemaAkun KarirKu Polinema Anda telah dinonaktifkan Admin.Alasan: Catatan uji otomatis.
                    Email ini dikirim otomatis oleh sistem KarirKu Polinema. Mohon tidak membalas email ini.
                 

[2026-10-02 09:38:21] KE: dimas.santoso@student.polinema.ac.id | SUBJEK: Akun Anda Dinonaktifkan - KarirKu Polinema | (SMTP belum dikonfigurasi, dicatat sebagai log saja)
------------------------------------------------------------

                    KarirKu PolinemaAkun KarirKu Polinema Anda telah dinonaktifkan Admin.Alasan: Catatan uji otomatis.
                    Email ini dikirim otomatis oleh sistem KarirKu Polinema. Mohon tidak membalas email ini.
                 

[2026-10-02 09:38:21] KE: eko.purnomo@student.polinema.ac.id | SUBJEK: Akun Anda Dinonaktifkan - KarirKu Polinema | (SMTP belum dikonfigurasi, dicatat sebagai log saja)
------------------------------------------------------------

                    KarirKu PolinemaAkun KarirKu Polinema Anda telah dinonaktifkan Admin.Alasan: Catatan uji otomatis.
                    Email ini dikirim otomatis oleh sistem KarirKu Polinema. Mohon tidak membalas email ini.
                 

[2026-10-02 09:38:21] KE: fajar.ramadhan@student.polinema.ac.id | SUBJEK: Akun Anda Dinonaktifkan - KarirKu Polinema | (SMTP belum dikonfigurasi, dicatat sebagai log saja)
------------------------------------------------------------

                    KarirKu PolinemaAkun KarirKu Polinema Anda telah dinonaktifkan Admin.Alasan: Catatan uji otomatis.
                    Email ini dikirim otomatis oleh sistem KarirKu Polinema. Mohon tidak membalas email ini.
                 

[2026-10-02 09:38:21] KE: fitri.khoirunnisa@student.polinema.ac.id | SUBJEK: Akun Anda Dinonaktifkan - KarirKu Polinema | (SMTP belum dikonfigurasi, dicatat sebagai log saja)
------------------------------------------------------------

                    KarirKu PolinemaAkun KarirKu Polinema Anda telah dinonaktifkan Admin.Alasan: Catatan uji otomatis.
                    Email ini dikirim otomatis oleh sistem KarirKu Polinema. Mohon tidak membalas email ini.
                 

[2026-10-02 09:38:21] KE: galih.hartono@student.polinema.ac.id | SUBJEK: Akun Anda Dinonaktifkan - KarirKu Polinema | (SMTP belum dikonfigurasi, dicatat sebagai log saja)
------------------------------------------------------------

                    KarirKu PolinemaAkun KarirKu Polinema Anda telah dinonaktifkan Admin.Alasan: Catatan uji otomatis.
                    Email ini dikirim otomatis oleh sistem KarirKu Polinema. Mohon tidak membalas email ini.
                 

[2026-10-02 09:38:21] KE: gilang.saputra@student.polinema.ac.id | SUBJEK: Akun Anda Dinonaktifkan - KarirKu Polinema | (SMTP belum dikonfigurasi, dicatat sebagai log saja)
------------------------------------------------------------

                    KarirKu PolinemaAkun KarirKu Polinema Anda telah dinonaktifkan Admin.Alasan: Catatan uji otomatis.
                    Email ini dikirim otomatis oleh sistem KarirKu Polinema. Mohon tidak membalas email ini.
                 

[2026-10-02 09:38:21] KE: hafiz.setiawan@student.polinema.ac.id | SUBJEK: Akun Anda Dinonaktifkan - KarirKu Polinema | (SMTP belum dikonfigurasi, dicatat sebagai log saja)
------------------------------------------------------------

                    KarirKu PolinemaAkun KarirKu Polinema Anda telah dinonaktifkan Admin.Alasan: Catatan uji otomatis.
                    Email ini dikirim otomatis oleh sistem KarirKu Polinema. Mohon tidak membalas email ini.
                 

[2026-10-02 09:38:21] KE: hendra.wijaya@student.polinema.ac.id | SUBJEK: Akun Anda Dinonaktifkan - KarirKu Polinema | (SMTP belum dikonfigurasi, dicatat sebagai log saja)
------------------------------------------------------------

                    KarirKu PolinemaAkun KarirKu Polinema Anda telah dinonaktifkan Admin.Alasan: Catatan uji otomatis.
                    Email ini dikirim otomatis oleh sistem KarirKu Polinema. Mohon tidak membalas email ini.
                 

[2026-10-02 09:38:21] KE: intan.permata@student.polinema.ac.id | SUBJEK: Akun Anda Dinonaktifkan - KarirKu Polinema | (SMTP belum dikonfigurasi, dicatat sebagai log saja)
------------------------------------------------------------

                    KarirKu PolinemaAkun KarirKu Polinema Anda telah dinonaktifkan Admin.Alasan: Catatan uji otomatis.
                    Email ini dikirim otomatis oleh sistem KarirKu Polinema. Mohon tidak membalas email ini.
                 

[2026-10-02 09:38:21] KE: irfan.mahendra@student.polinema.ac.id | SUBJEK: Akun Anda Dinonaktifkan - KarirKu Polinema | (SMTP belum dikonfigurasi, dicatat sebagai log saja)
------------------------------------------------------------

                    KarirKu PolinemaAkun KarirKu Polinema Anda telah dinonaktifkan Admin.Alasan: Catatan uji otomatis.
                    Email ini dikirim otomatis oleh sistem KarirKu Polinema. Mohon tidak membalas email ini.
                 

[2026-10-02 09:38:21] KE: kirana.maharani@student.polinema.ac.id | SUBJEK: Akun Anda Dinonaktifkan - KarirKu Polinema | (SMTP belum dikonfigurasi, dicatat sebagai log saja)
------------------------------------------------------------

                    KarirKu PolinemaAkun KarirKu Polinema Anda telah dinonaktifkan Admin.Alasan: Catatan uji otomatis.
                    Email ini dikirim otomatis oleh sistem KarirKu Polinema. Mohon tidak membalas email ini.
                 

[2026-10-02 09:38:21] KE: laila.rahmawati@student.polinema.ac.id | SUBJEK: Akun Anda Dinonaktifkan - KarirKu Polinema | (SMTP belum dikonfigurasi, dicatat sebagai log saja)
------------------------------------------------------------

                    KarirKu PolinemaAkun KarirKu Polinema Anda telah dinonaktifkan Admin.Alasan: Catatan uji otomatis.
                    Email ini dikirim otomatis oleh sistem KarirKu Polinema. Mohon tidak membalas email ini.
                 

[2026-10-02 09:38:21] KE: lintang.nuraini@student.polinema.ac.id | SUBJEK: Akun Anda Dinonaktifkan - KarirKu Polinema | (SMTP belum dikonfigurasi, dicatat sebagai log saja)
------------------------------------------------------------

                    KarirKu PolinemaAkun KarirKu Polinema Anda telah dinonaktifkan Admin.Alasan: Catatan uji otomatis.
                    Email ini dikirim otomatis oleh sistem KarirKu Polinema. Mohon tidak membalas email ini.
                 

[2026-10-02 09:38:21] KE: maya.wulandari@student.polinema.ac.id | SUBJEK: Akun Anda Dinonaktifkan - KarirKu Polinema | (SMTP belum dikonfigurasi, dicatat sebagai log saja)
------------------------------------------------------------

                    KarirKu PolinemaAkun KarirKu Polinema Anda telah dinonaktifkan Admin.Alasan: Catatan uji otomatis.
                    Email ini dikirim otomatis oleh sistem KarirKu Polinema. Mohon tidak membalas email ini.
                 

[2026-10-02 09:38:21] KE: mega.maharani@student.polinema.ac.id | SUBJEK: Akun Anda Dinonaktifkan - KarirKu Polinema | (SMTP belum dikonfigurasi, dicatat sebagai log saja)
------------------------------------------------------------

                    KarirKu PolinemaAkun KarirKu Polinema Anda telah dinonaktifkan Admin.Alasan: Catatan uji otomatis.
                    Email ini dikirim otomatis oleh sistem KarirKu Polinema. Mohon tidak membalas email ini.
                 

[2026-10-02 09:38:21] KE: melati.anggraini@student.polinema.ac.id | SUBJEK: Akun Anda Dinonaktifkan - KarirKu Polinema | (SMTP belum dikonfigurasi, dicatat sebagai log saja)
------------------------------------------------------------

                    KarirKu PolinemaAkun KarirKu Polinema Anda telah dinonaktifkan Admin.Alasan: Catatan uji otomatis.
                    Email ini dikirim otomatis oleh sistem KarirKu Polinema. Mohon tidak membalas email ini.
                 

[2026-10-02 09:38:21] KE: calon.mahasiswa@student.polinema.ac.id | SUBJEK: Akun Anda Dinonaktifkan - KarirKu Polinema | (SMTP belum dikonfigurasi, dicatat sebagai log saja)
------------------------------------------------------------

                    KarirKu PolinemaAkun KarirKu Polinema Anda telah dinonaktifkan Admin.Alasan: Catatan uji otomatis.
                    Email ini dikirim otomatis oleh sistem KarirKu Polinema. Mohon tidak membalas email ini.
                 

[2026-10-02 09:38:21] KE: novi.andini@student.polinema.ac.id | SUBJEK: Akun Anda Dinonaktifkan - KarirKu Polinema | (SMTP belum dikonfigurasi, dicatat sebagai log saja)
------------------------------------------------------------

                    KarirKu PolinemaAkun KarirKu Polinema Anda telah dinonaktifkan Admin.Alasan: Catatan uji otomatis.
                    Email ini dikirim otomatis oleh sistem KarirKu Polinema. Mohon tidak membalas email ini.
                 

[2026-10-02 09:38:21] KE: nur.hidayah@student.polinema.ac.id | SUBJEK: Akun Anda Dinonaktifkan - KarirKu Polinema | (SMTP belum dikonfigurasi, dicatat sebagai log saja)
------------------------------------------------------------

                    KarirKu PolinemaAkun KarirKu Polinema Anda telah dinonaktifkan Admin.Alasan: Catatan uji otomatis.
                    Email ini dikirim otomatis oleh sistem KarirKu Polinema. Mohon tidak membalas email ini.
                 

[2026-10-02 09:38:21] KE: panji.firdaus@student.polinema.ac.id | SUBJEK: Akun Anda Dinonaktifkan - KarirKu Polinema | (SMTP belum dikonfigurasi, dicatat sebagai log saja)
------------------------------------------------------------

                    KarirKu PolinemaAkun KarirKu Polinema Anda telah dinonaktifkan Admin.Alasan: Catatan uji otomatis.
                    Email ini dikirim otomatis oleh sistem KarirKu Polinema. Mohon tidak membalas email ini.
                 

[2026-10-02 09:38:21] KE: putri.safitri@student.polinema.ac.id | SUBJEK: Akun Anda Dinonaktifkan - KarirKu Polinema | (SMTP belum dikonfigurasi, dicatat sebagai log saja)
------------------------------------------------------------

                    KarirKu PolinemaAkun KarirKu Polinema Anda telah dinonaktifkan Admin.Alasan: Catatan uji otomatis.
                    Email ini dikirim otomatis oleh sistem KarirKu Polinema. Mohon tidak membalas email ini.
                 

[2026-10-02 09:38:21] KE: rahma.permata@student.polinema.ac.id | SUBJEK: Akun Anda Dinonaktifkan - KarirKu Polinema | (SMTP belum dikonfigurasi, dicatat sebagai log saja)
------------------------------------------------------------

                    KarirKu PolinemaAkun KarirKu Polinema Anda telah dinonaktifkan Admin.Alasan: Catatan uji otomatis.
                    Email ini dikirim otomatis oleh sistem KarirKu Polinema. Mohon tidak membalas email ini.
                 

[2026-10-02 09:38:21] KE: rangga.nugroho@student.polinema.ac.id | SUBJEK: Akun Anda Dinonaktifkan - KarirKu Polinema | (SMTP belum dikonfigurasi, dicatat sebagai log saja)
------------------------------------------------------------

                    KarirKu PolinemaAkun KarirKu Polinema Anda telah dinonaktifkan Admin.Alasan: Catatan uji otomatis.
                    Email ini dikirim otomatis oleh sistem KarirKu Polinema. Mohon tidak membalas email ini.
                 

[2026-10-02 09:38:21] KE: ratna.safitri@student.polinema.ac.id | SUBJEK: Akun Anda Dinonaktifkan - KarirKu Polinema | (SMTP belum dikonfigurasi, dicatat sebagai log saja)
------------------------------------------------------------

                    KarirKu PolinemaAkun KarirKu Polinema Anda telah dinonaktifkan Admin.Alasan: Catatan uji otomatis.
                    Email ini dikirim otomatis oleh sistem KarirKu Polinema. Mohon tidak membalas email ini.
                 

[2026-10-02 09:38:21] KE: reza.siregar@student.polinema.ac.id | SUBJEK: Akun Anda Dinonaktifkan - KarirKu Polinema | (SMTP belum dikonfigurasi, dicatat sebagai log saja)
------------------------------------------------------------

                    KarirKu PolinemaAkun KarirKu Polinema Anda telah dinonaktifkan Admin.Alasan: Catatan uji otomatis.
                    Email ini dikirim otomatis oleh sistem KarirKu Polinema. Mohon tidak membalas email ini.
                 

[2026-10-02 09:38:21] KE: rina.kusuma@student.polinema.ac.id | SUBJEK: Akun Anda Dinonaktifkan - KarirKu Polinema | (SMTP belum dikonfigurasi, dicatat sebagai log saja)
------------------------------------------------------------

                    KarirKu PolinemaAkun KarirKu Polinema Anda telah dinonaktifkan Admin.Alasan: Catatan uji otomatis.
                    Email ini dikirim otomatis oleh sistem KarirKu Polinema. Mohon tidak membalas email ini.
                 

[2026-10-02 09:38:21] KE: rizky.saputra@student.polinema.ac.id | SUBJEK: Akun Anda Dinonaktifkan - KarirKu Polinema | (SMTP belum dikonfigurasi, dicatat sebagai log saja)
------------------------------------------------------------

                    KarirKu PolinemaAkun KarirKu Polinema Anda telah dinonaktifkan Admin.Alasan: Catatan uji otomatis.
                    Email ini dikirim otomatis oleh sistem KarirKu Polinema. Mohon tidak membalas email ini.
                 

[2026-10-02 09:38:21] KE: salsa.kusuma@student.polinema.ac.id | SUBJEK: Akun Anda Dinonaktifkan - KarirKu Polinema | (SMTP belum dikonfigurasi, dicatat sebagai log saja)
------------------------------------------------------------

                    KarirKu PolinemaAkun KarirKu Polinema Anda telah dinonaktifkan Admin.Alasan: Catatan uji otomatis.
                    Email ini dikirim otomatis oleh sistem KarirKu Polinema. Mohon tidak membalas email ini.
                 

[2026-10-02 09:38:21] KE: sari.oktaviani@student.polinema.ac.id | SUBJEK: Akun Anda Dinonaktifkan - KarirKu Polinema | (SMTP belum dikonfigurasi, dicatat sebagai log saja)
------------------------------------------------------------

                    KarirKu PolinemaAkun KarirKu Polinema Anda telah dinonaktifkan Admin.Alasan: Catatan uji otomatis.
                    Email ini dikirim otomatis oleh sistem KarirKu Polinema. Mohon tidak membalas email ini.
                 

[2026-10-02 09:38:21] KE: satrio.pratama@student.polinema.ac.id | SUBJEK: Akun Anda Dinonaktifkan - KarirKu Polinema | (SMTP belum dikonfigurasi, dicatat sebagai log saja)
------------------------------------------------------------

                    KarirKu PolinemaAkun KarirKu Polinema Anda telah dinonaktifkan Admin.Alasan: Catatan uji otomatis.
                    Email ini dikirim otomatis oleh sistem KarirKu Polinema. Mohon tidak membalas email ini.
                 

[2026-10-02 09:38:21] KE: siti.nuraini@student.polinema.ac.id | SUBJEK: Akun Anda Dinonaktifkan - KarirKu Polinema | (SMTP belum dikonfigurasi, dicatat sebagai log saja)
------------------------------------------------------------

                    KarirKu PolinemaAkun KarirKu Polinema Anda telah dinonaktifkan Admin.Alasan: Catatan uji otomatis.
                    Email ini dikirim otomatis oleh sistem KarirKu Polinema. Mohon tidak membalas email ini.
                 

[2026-10-02 09:38:21] KE: teguh.firdaus@student.polinema.ac.id | SUBJEK: Akun Anda Dinonaktifkan - KarirKu Polinema | (SMTP belum dikonfigurasi, dicatat sebagai log saja)
------------------------------------------------------------

                    KarirKu PolinemaAkun KarirKu Polinema Anda telah dinonaktifkan Admin.Alasan: Catatan uji otomatis.
                    Email ini dikirim otomatis oleh sistem KarirKu Polinema. Mohon tidak membalas email ini.
                 

[2026-10-02 09:38:21] KE: tiara.rahmawati@student.polinema.ac.id | SUBJEK: Akun Anda Dinonaktifkan - KarirKu Polinema | (SMTP belum dikonfigurasi, dicatat sebagai log saja)
------------------------------------------------------------

                    KarirKu PolinemaAkun KarirKu Polinema Anda telah dinonaktifkan Admin.Alasan: Catatan uji otomatis.
                    Email ini dikirim otomatis oleh sistem KarirKu Polinema. Mohon tidak membalas email ini.
                 

[2026-10-02 09:38:21] KE: vina.oktaviani@student.polinema.ac.id | SUBJEK: Akun Anda Dinonaktifkan - KarirKu Polinema | (SMTP belum dikonfigurasi, dicatat sebagai log saja)
------------------------------------------------------------

                    KarirKu PolinemaAkun KarirKu Polinema Anda telah dinonaktifkan Admin.Alasan: Catatan uji otomatis.
                    Email ini dikirim otomatis oleh sistem KarirKu Polinema. Mohon tidak membalas email ini.
                 

[2026-10-02 09:38:21] KE: wahyu.nugroho@student.polinema.ac.id | SUBJEK: Akun Anda Dinonaktifkan - KarirKu Polinema | (SMTP belum dikonfigurasi, dicatat sebagai log saja)
------------------------------------------------------------

                    KarirKu PolinemaAkun KarirKu Polinema Anda telah dinonaktifkan Admin.Alasan: Catatan uji otomatis.
                    Email ini dikirim otomatis oleh sistem KarirKu Polinema. Mohon tidak membalas email ini.
                 

[2026-10-02 09:38:21] KE: winda.hidayah@student.polinema.ac.id | SUBJEK: Akun Anda Dinonaktifkan - KarirKu Polinema | (SMTP belum dikonfigurasi, dicatat sebagai log saja)
------------------------------------------------------------

                    KarirKu PolinemaAkun KarirKu Polinema Anda telah dinonaktifkan Admin.Alasan: Catatan uji otomatis.
                    Email ini dikirim otomatis oleh sistem KarirKu Polinema. Mohon tidak membalas email ini.
                 

[2026-10-02 09:38:21] KE: yoga.prasetyo@student.polinema.ac.id | SUBJEK: Akun Anda Dinonaktifkan - KarirKu Polinema | (SMTP belum dikonfigurasi, dicatat sebagai log saja)
------------------------------------------------------------

                    KarirKu PolinemaAkun KarirKu Polinema Anda telah dinonaktifkan Admin.Alasan: Catatan uji otomatis.
                    Email ini dikirim otomatis oleh sistem KarirKu Polinema. Mohon tidak membalas email ini.
                 

[2026-10-02 09:38:21] KE: yusuf.santoso@student.polinema.ac.id | SUBJEK: Akun Anda Dinonaktifkan - KarirKu Polinema | (SMTP belum dikonfigurasi, dicatat sebagai log saja)
------------------------------------------------------------

                    KarirKu PolinemaAkun KarirKu Polinema Anda telah dinonaktifkan Admin.Alasan: Catatan uji otomatis.
                    Email ini dikirim otomatis oleh sistem KarirKu Polinema. Mohon tidak membalas email ini.
                 

[2026-10-02 09:38:21] KE: zahra.lestari@student.polinema.ac.id | SUBJEK: Akun Anda Dinonaktifkan - KarirKu Polinema | (SMTP belum dikonfigurasi, dicatat sebagai log saja)
------------------------------------------------------------

                    KarirKu PolinemaAkun KarirKu Polinema Anda telah dinonaktifkan Admin.Alasan: Catatan uji otomatis.
                    Email ini dikirim otomatis oleh sistem KarirKu Polinema. Mohon tidak membalas email ini.
                 

[2026-10-02 09:38:21] KE: hrd@adhikarya.co.id | SUBJEK: Akun Anda Dinonaktifkan - KarirKu Polinema | (SMTP belum dikonfigurasi, dicatat sebagai log saja)
------------------------------------------------------------

                    KarirKu PolinemaAkun KarirKu Polinema Anda telah dinonaktifkan Admin.Alasan: Catatan uji otomatis.
                    Email ini dikirim otomatis oleh sistem KarirKu Polinema. Mohon tidak membalas email ini.
                 

[2026-10-02 09:38:22] KE: hrd@astraotoparts.co.id | SUBJEK: Akun Anda Dinonaktifkan - KarirKu Polinema | (SMTP belum dikonfigurasi, dicatat sebagai log saja)
------------------------------------------------------------

                    KarirKu PolinemaAkun KarirKu Polinema Anda telah dinonaktifkan Admin.Alasan: Catatan uji otomatis.
                    Email ini dikirim otomatis oleh sistem KarirKu Polinema. Mohon tidak membalas email ini.
                 

[2026-10-02 09:38:22] KE: hrd@bankmandiri.co.id | SUBJEK: Akun Anda Dinonaktifkan - KarirKu Polinema | (SMTP belum dikonfigurasi, dicatat sebagai log saja)
------------------------------------------------------------

                    KarirKu PolinemaAkun KarirKu Polinema Anda telah dinonaktifkan Admin.Alasan: Catatan uji otomatis.
                    Email ini dikirim otomatis oleh sistem KarirKu Polinema. Mohon tidak membalas email ini.
                 

[2026-10-02 09:38:22] KE: hrd@barataindonesia.co.id | SUBJEK: Akun Anda Dinonaktifkan - KarirKu Polinema | (SMTP belum dikonfigurasi, dicatat sebagai log saja)
------------------------------------------------------------

                    KarirKu PolinemaAkun KarirKu Polinema Anda telah dinonaktifkan Admin.Alasan: Catatan uji otomatis.
                    Email ini dikirim otomatis oleh sistem KarirKu Polinema. Mohon tidak membalas email ini.
                 

[2026-10-02 09:38:22] KE: hrd@energilistrikmandiri.co.id | SUBJEK: Akun Anda Dinonaktifkan - KarirKu Polinema | (SMTP belum dikonfigurasi, dicatat sebagai log saja)
------------------------------------------------------------

                    KarirKu PolinemaAkun KarirKu Polinema Anda telah dinonaktifkan Admin.Alasan: Catatan uji otomatis.
                    Email ini dikirim otomatis oleh sistem KarirKu Polinema. Mohon tidak membalas email ini.
                 

[2026-10-02 09:38:22] KE: hrd@gudanggaram.co.id | SUBJEK: Akun Anda Dinonaktifkan - KarirKu Polinema | (SMTP belum dikonfigurasi, dicatat sebagai log saja)
------------------------------------------------------------

                    KarirKu PolinemaAkun KarirKu Polinema Anda telah dinonaktifkan Admin.Alasan: Catatan uji otomatis.
                    Email ini dikirim otomatis oleh sistem KarirKu Polinema. Mohon tidak membalas email ini.
                 

[2026-10-02 09:38:22] KE: hrd@karyaabadi.co.id | SUBJEK: Akun Anda Dinonaktifkan - KarirKu Polinema | (SMTP belum dikonfigurasi, dicatat sebagai log saja)
------------------------------------------------------------

                    KarirKu PolinemaAkun KarirKu Polinema Anda telah dinonaktifkan Admin.Alasan: Catatan uji otomatis.
                    Email ini dikirim otomatis oleh sistem KarirKu Polinema. Mohon tidak membalas email ini.
                 

[2026-10-02 09:38:22] KE: hrd@mitraarsipnusantara.co.id | SUBJEK: Akun Anda Dinonaktifkan - KarirKu Polinema | (SMTP belum dikonfigurasi, dicatat sebagai log saja)
------------------------------------------------------------

                    KarirKu PolinemaAkun KarirKu Polinema Anda telah dinonaktifkan Admin.Alasan: Catatan uji otomatis.
                    Email ini dikirim otomatis oleh sistem KarirKu Polinema. Mohon tidak membalas email ini.
                 

[2026-10-02 09:38:22] KE: hrd@mitrasejahtera.co.id | SUBJEK: Akun Anda Dinonaktifkan - KarirKu Polinema | (SMTP belum dikonfigurasi, dicatat sebagai log saja)
------------------------------------------------------------

                    KarirKu PolinemaAkun KarirKu Polinema Anda telah dinonaktifkan Admin.Alasan: Catatan uji otomatis.
                    Email ini dikirim otomatis oleh sistem KarirKu Polinema. Mohon tidak membalas email ini.
                 

[2026-10-02 09:38:22] KE: hrd@nestleindonesia.co.id | SUBJEK: Akun Anda Dinonaktifkan - KarirKu Polinema | (SMTP belum dikonfigurasi, dicatat sebagai log saja)
------------------------------------------------------------

                    KarirKu PolinemaAkun KarirKu Polinema Anda telah dinonaktifkan Admin.Alasan: Catatan uji otomatis.
                    Email ini dikirim otomatis oleh sistem KarirKu Polinema. Mohon tidak membalas email ini.
                 

[2026-10-02 09:38:22] KE: perusahaan@polinema.ac.id | SUBJEK: Akun Anda Dinonaktifkan - KarirKu Polinema | (SMTP belum dikonfigurasi, dicatat sebagai log saja)
------------------------------------------------------------

                    KarirKu PolinemaAkun KarirKu Polinema Anda telah dinonaktifkan Admin.Alasan: Catatan uji otomatis.
                    Email ini dikirim otomatis oleh sistem KarirKu Polinema. Mohon tidak membalas email ini.
                 

[2026-10-02 09:38:22] KE: hrd@nusantarateknologicerd.co.id | SUBJEK: Akun Anda Dinonaktifkan - KarirKu Polinema | (SMTP belum dikonfigurasi, dicatat sebagai log saja)
------------------------------------------------------------

                    KarirKu PolinemaAkun KarirKu Polinema Anda telah dinonaktifkan Admin.Alasan: Catatan uji otomatis.
                    Email ini dikirim otomatis oleh sistem KarirKu Polinema. Mohon tidak membalas email ini.
                 

[2026-10-02 09:38:22] KE: hrd@pertaminapatraniaga.co.id | SUBJEK: Akun Anda Dinonaktifkan - KarirKu Polinema | (SMTP belum dikonfigurasi, dicatat sebagai log saja)
------------------------------------------------------------

                    KarirKu PolinemaAkun KarirKu Polinema Anda telah dinonaktifkan Admin.Alasan: Catatan uji otomatis.
                    Email ini dikirim otomatis oleh sistem KarirKu Polinema. Mohon tidak membalas email ini.
                 

[2026-10-02 09:38:22] KE: hrd@pindad.co.id | SUBJEK: Akun Anda Dinonaktifkan - KarirKu Polinema | (SMTP belum dikonfigurasi, dicatat sebagai log saja)
------------------------------------------------------------

                    KarirKu PolinemaAkun KarirKu Polinema Anda telah dinonaktifkan Admin.Alasan: Catatan uji otomatis.
                    Email ini dikirim otomatis oleh sistem KarirKu Polinema. Mohon tidak membalas email ini.
                 

[2026-10-02 09:38:22] KE: hrd@semenindonesia.co.id | SUBJEK: Akun Anda Dinonaktifkan - KarirKu Polinema | (SMTP belum dikonfigurasi, dicatat sebagai log saja)
------------------------------------------------------------

                    KarirKu PolinemaAkun KarirKu Polinema Anda telah dinonaktifkan Admin.Alasan: Catatan uji otomatis.
                    Email ini dikirim otomatis oleh sistem KarirKu Polinema. Mohon tidak membalas email ini.
                 

[2026-10-02 09:38:22] KE: hrd@sinergidatanusantara.co.id | SUBJEK: Akun Anda Dinonaktifkan - KarirKu Polinema | (SMTP belum dikonfigurasi, dicatat sebagai log saja)
------------------------------------------------------------

                    KarirKu PolinemaAkun KarirKu Polinema Anda telah dinonaktifkan Admin.Alasan: Catatan uji otomatis.
                    Email ini dikirim otomatis oleh sistem KarirKu Polinema. Mohon tidak membalas email ini.
                 

[2026-10-02 09:38:22] KE: hrd@telkomindonesia.co.id | SUBJEK: Akun Anda Dinonaktifkan - KarirKu Polinema | (SMTP belum dikonfigurasi, dicatat sebagai log saja)
------------------------------------------------------------

                    KarirKu PolinemaAkun KarirKu Polinema Anda telah dinonaktifkan Admin.Alasan: Catatan uji otomatis.
                    Email ini dikirim otomatis oleh sistem KarirKu Polinema. Mohon tidak membalas email ini.
                 

[2026-10-02 09:38:22] KE: hrd@wilmarnabatiindonesia.co.id | SUBJEK: Akun Anda Dinonaktifkan - KarirKu Polinema | (SMTP belum dikonfigurasi, dicatat sebagai log saja)
------------------------------------------------------------

                    KarirKu PolinemaAkun KarirKu Polinema Anda telah dinonaktifkan Admin.Alasan: Catatan uji otomatis.
                    Email ini dikirim otomatis oleh sistem KarirKu Polinema. Mohon tidak membalas email ini.
                 

[2026-10-02 13:28:23] KE: calon.mahasiswa@student.polinema.ac.id | SUBJEK: [KarirKu] Data pendaftaran Anda perlu diperbaiki | (SMTP belum dikonfigurasi, dicatat sebagai log saja)
------------------------------------------------------------

                    KarirKu PolinemaAdmin menemukan data atau dokumen yang perlu diperbaiki.Catatan Admin: Mohon lengkapi berkas.
                    Email ini dikirim otomatis oleh sistem KarirKu Polinema. Mohon tidak membalas email ini.
                 

[2026-10-02 13:28:23] KE: mahasiswa@polinema.ac.id | SUBJEK: Akun Anda Diaktifkan Kembali - KarirKu Polinema | (SMTP belum dikonfigurasi, dicatat sebagai log saja)
------------------------------------------------------------

                    KarirKu PolinemaAkun KarirKu Polinema Anda telah diaktifkan kembali. Silakan masuk seperti biasa.
                    Email ini dikirim otomatis oleh sistem KarirKu Polinema. Mohon tidak membalas email ini.
                 

[2026-10-02 13:28:25] KE: ahmad.pratama@student.polinema.ac.id | SUBJEK: Akun Anda Dinonaktifkan - KarirKu Polinema | (SMTP belum dikonfigurasi, dicatat sebagai log saja)
------------------------------------------------------------

                    KarirKu PolinemaAkun KarirKu Polinema Anda telah dinonaktifkan Admin.Alasan: Catatan uji otomatis.
                    Email ini dikirim otomatis oleh sistem KarirKu Polinema. Mohon tidak membalas email ini.
                 

[2026-10-02 13:28:26] KE: alfian.ramadhan@student.polinema.ac.id | SUBJEK: Akun Anda Dinonaktifkan - KarirKu Polinema | (SMTP belum dikonfigurasi, dicatat sebagai log saja)
------------------------------------------------------------

                    KarirKu PolinemaAkun KarirKu Polinema Anda telah dinonaktifkan Admin.Alasan: Catatan uji otomatis.
                    Email ini dikirim otomatis oleh sistem KarirKu Polinema. Mohon tidak membalas email ini.
                 

[2026-10-02 13:28:26] KE: anisa.handayani@student.polinema.ac.id | SUBJEK: Akun Anda Dinonaktifkan - KarirKu Polinema | (SMTP belum dikonfigurasi, dicatat sebagai log saja)
------------------------------------------------------------

                    KarirKu PolinemaAkun KarirKu Polinema Anda telah dinonaktifkan Admin.Alasan: Catatan uji otomatis.
                    Email ini dikirim otomatis oleh sistem KarirKu Polinema. Mohon tidak membalas email ini.
                 

[2026-10-02 13:28:26] KE: arif.setiawan@student.polinema.ac.id | SUBJEK: Akun Anda Dinonaktifkan - KarirKu Polinema | (SMTP belum dikonfigurasi, dicatat sebagai log saja)
------------------------------------------------------------

                    KarirKu PolinemaAkun KarirKu Polinema Anda telah dinonaktifkan Admin.Alasan: Catatan uji otomatis.
                    Email ini dikirim otomatis oleh sistem KarirKu Polinema. Mohon tidak membalas email ini.
                 

[2026-10-02 13:28:26] KE: ayu.anggraini@student.polinema.ac.id | SUBJEK: Akun Anda Dinonaktifkan - KarirKu Polinema | (SMTP belum dikonfigurasi, dicatat sebagai log saja)
------------------------------------------------------------

                    KarirKu PolinemaAkun KarirKu Polinema Anda telah dinonaktifkan Admin.Alasan: Catatan uji otomatis.
                    Email ini dikirim otomatis oleh sistem KarirKu Polinema. Mohon tidak membalas email ini.
                 

[2026-10-02 13:28:26] KE: bagus.wicaksono@student.polinema.ac.id | SUBJEK: Akun Anda Dinonaktifkan - KarirKu Polinema | (SMTP belum dikonfigurasi, dicatat sebagai log saja)
------------------------------------------------------------

                    KarirKu PolinemaAkun KarirKu Polinema Anda telah dinonaktifkan Admin.Alasan: Catatan uji otomatis.
                    Email ini dikirim otomatis oleh sistem KarirKu Polinema. Mohon tidak membalas email ini.
                 

[2026-10-02 13:28:26] KE: bayu.gunawan@student.polinema.ac.id | SUBJEK: Akun Anda Dinonaktifkan - KarirKu Polinema | (SMTP belum dikonfigurasi, dicatat sebagai log saja)
------------------------------------------------------------

                    KarirKu PolinemaAkun KarirKu Polinema Anda telah dinonaktifkan Admin.Alasan: Catatan uji otomatis.
                    Email ini dikirim otomatis oleh sistem KarirKu Polinema. Mohon tidak membalas email ini.
                 

[2026-10-02 13:28:26] KE: bima.wijaya@student.polinema.ac.id | SUBJEK: Akun Anda Dinonaktifkan - KarirKu Polinema | (SMTP belum dikonfigurasi, dicatat sebagai log saja)
------------------------------------------------------------

                    KarirKu PolinemaAkun KarirKu Polinema Anda telah dinonaktifkan Admin.Alasan: Catatan uji otomatis.
                    Email ini dikirim otomatis oleh sistem KarirKu Polinema. Mohon tidak membalas email ini.
                 

[2026-10-02 13:28:26] KE: mahasiswa@polinema.ac.id | SUBJEK: Akun Anda Dinonaktifkan - KarirKu Polinema | (SMTP belum dikonfigurasi, dicatat sebagai log saja)
------------------------------------------------------------

                    KarirKu PolinemaAkun KarirKu Polinema Anda telah dinonaktifkan Admin.Alasan: Catatan uji otomatis.
                    Email ini dikirim otomatis oleh sistem KarirKu Polinema. Mohon tidak membalas email ini.
                 

[2026-10-02 13:28:26] KE: candra.wicaksono@student.polinema.ac.id | SUBJEK: Akun Anda Dinonaktifkan - KarirKu Polinema | (SMTP belum dikonfigurasi, dicatat sebagai log saja)
------------------------------------------------------------

                    KarirKu PolinemaAkun KarirKu Polinema Anda telah dinonaktifkan Admin.Alasan: Catatan uji otomatis.
                    Email ini dikirim otomatis oleh sistem KarirKu Polinema. Mohon tidak membalas email ini.
                 

[2026-10-02 13:28:26] KE: dani.prasetyo@student.polinema.ac.id | SUBJEK: Akun Anda Dinonaktifkan - KarirKu Polinema | (SMTP belum dikonfigurasi, dicatat sebagai log saja)
------------------------------------------------------------

                    KarirKu PolinemaAkun KarirKu Polinema Anda telah dinonaktifkan Admin.Alasan: Catatan uji otomatis.
                    Email ini dikirim otomatis oleh sistem KarirKu Polinema. Mohon tidak membalas email ini.
                 

[2026-10-02 13:28:26] KE: dewi.lestari@student.polinema.ac.id | SUBJEK: Akun Anda Dinonaktifkan - KarirKu Polinema | (SMTP belum dikonfigurasi, dicatat sebagai log saja)
------------------------------------------------------------

                    KarirKu PolinemaAkun KarirKu Polinema Anda telah dinonaktifkan Admin.Alasan: Catatan uji otomatis.
                    Email ini dikirim otomatis oleh sistem KarirKu Polinema. Mohon tidak membalas email ini.
                 

[2026-10-02 13:28:26] KE: diah.puspita@student.polinema.ac.id | SUBJEK: Akun Anda Dinonaktifkan - KarirKu Polinema | (SMTP belum dikonfigurasi, dicatat sebagai log saja)
------------------------------------------------------------

                    KarirKu PolinemaAkun KarirKu Polinema Anda telah dinonaktifkan Admin.Alasan: Catatan uji otomatis.
                    Email ini dikirim otomatis oleh sistem KarirKu Polinema. Mohon tidak membalas email ini.
                 

[2026-10-02 13:28:26] KE: dimas.santoso@student.polinema.ac.id | SUBJEK: Akun Anda Dinonaktifkan - KarirKu Polinema | (SMTP belum dikonfigurasi, dicatat sebagai log saja)
------------------------------------------------------------

                    KarirKu PolinemaAkun KarirKu Polinema Anda telah dinonaktifkan Admin.Alasan: Catatan uji otomatis.
                    Email ini dikirim otomatis oleh sistem KarirKu Polinema. Mohon tidak membalas email ini.
                 

[2026-10-02 13:28:26] KE: eko.purnomo@student.polinema.ac.id | SUBJEK: Akun Anda Dinonaktifkan - KarirKu Polinema | (SMTP belum dikonfigurasi, dicatat sebagai log saja)
------------------------------------------------------------

                    KarirKu PolinemaAkun KarirKu Polinema Anda telah dinonaktifkan Admin.Alasan: Catatan uji otomatis.
                    Email ini dikirim otomatis oleh sistem KarirKu Polinema. Mohon tidak membalas email ini.
                 

[2026-10-02 13:28:26] KE: fajar.ramadhan@student.polinema.ac.id | SUBJEK: Akun Anda Dinonaktifkan - KarirKu Polinema | (SMTP belum dikonfigurasi, dicatat sebagai log saja)
------------------------------------------------------------

                    KarirKu PolinemaAkun KarirKu Polinema Anda telah dinonaktifkan Admin.Alasan: Catatan uji otomatis.
                    Email ini dikirim otomatis oleh sistem KarirKu Polinema. Mohon tidak membalas email ini.
                 

[2026-10-02 13:28:26] KE: fitri.khoirunnisa@student.polinema.ac.id | SUBJEK: Akun Anda Dinonaktifkan - KarirKu Polinema | (SMTP belum dikonfigurasi, dicatat sebagai log saja)
------------------------------------------------------------

                    KarirKu PolinemaAkun KarirKu Polinema Anda telah dinonaktifkan Admin.Alasan: Catatan uji otomatis.
                    Email ini dikirim otomatis oleh sistem KarirKu Polinema. Mohon tidak membalas email ini.
                 

[2026-10-02 13:28:26] KE: galih.hartono@student.polinema.ac.id | SUBJEK: Akun Anda Dinonaktifkan - KarirKu Polinema | (SMTP belum dikonfigurasi, dicatat sebagai log saja)
------------------------------------------------------------

                    KarirKu PolinemaAkun KarirKu Polinema Anda telah dinonaktifkan Admin.Alasan: Catatan uji otomatis.
                    Email ini dikirim otomatis oleh sistem KarirKu Polinema. Mohon tidak membalas email ini.
                 

[2026-10-02 13:28:26] KE: gilang.saputra@student.polinema.ac.id | SUBJEK: Akun Anda Dinonaktifkan - KarirKu Polinema | (SMTP belum dikonfigurasi, dicatat sebagai log saja)
------------------------------------------------------------

                    KarirKu PolinemaAkun KarirKu Polinema Anda telah dinonaktifkan Admin.Alasan: Catatan uji otomatis.
                    Email ini dikirim otomatis oleh sistem KarirKu Polinema. Mohon tidak membalas email ini.
                 

[2026-10-02 13:28:26] KE: hafiz.setiawan@student.polinema.ac.id | SUBJEK: Akun Anda Dinonaktifkan - KarirKu Polinema | (SMTP belum dikonfigurasi, dicatat sebagai log saja)
------------------------------------------------------------

                    KarirKu PolinemaAkun KarirKu Polinema Anda telah dinonaktifkan Admin.Alasan: Catatan uji otomatis.
                    Email ini dikirim otomatis oleh sistem KarirKu Polinema. Mohon tidak membalas email ini.
                 

[2026-10-02 13:28:26] KE: hendra.wijaya@student.polinema.ac.id | SUBJEK: Akun Anda Dinonaktifkan - KarirKu Polinema | (SMTP belum dikonfigurasi, dicatat sebagai log saja)
------------------------------------------------------------

                    KarirKu PolinemaAkun KarirKu Polinema Anda telah dinonaktifkan Admin.Alasan: Catatan uji otomatis.
                    Email ini dikirim otomatis oleh sistem KarirKu Polinema. Mohon tidak membalas email ini.
                 

[2026-10-02 13:28:26] KE: intan.permata@student.polinema.ac.id | SUBJEK: Akun Anda Dinonaktifkan - KarirKu Polinema | (SMTP belum dikonfigurasi, dicatat sebagai log saja)
------------------------------------------------------------

                    KarirKu PolinemaAkun KarirKu Polinema Anda telah dinonaktifkan Admin.Alasan: Catatan uji otomatis.
                    Email ini dikirim otomatis oleh sistem KarirKu Polinema. Mohon tidak membalas email ini.
                 

[2026-10-02 13:28:26] KE: irfan.mahendra@student.polinema.ac.id | SUBJEK: Akun Anda Dinonaktifkan - KarirKu Polinema | (SMTP belum dikonfigurasi, dicatat sebagai log saja)
------------------------------------------------------------

                    KarirKu PolinemaAkun KarirKu Polinema Anda telah dinonaktifkan Admin.Alasan: Catatan uji otomatis.
                    Email ini dikirim otomatis oleh sistem KarirKu Polinema. Mohon tidak membalas email ini.
                 

[2026-10-02 13:28:26] KE: kirana.maharani@student.polinema.ac.id | SUBJEK: Akun Anda Dinonaktifkan - KarirKu Polinema | (SMTP belum dikonfigurasi, dicatat sebagai log saja)
------------------------------------------------------------

                    KarirKu PolinemaAkun KarirKu Polinema Anda telah dinonaktifkan Admin.Alasan: Catatan uji otomatis.
                    Email ini dikirim otomatis oleh sistem KarirKu Polinema. Mohon tidak membalas email ini.
                 

[2026-10-02 13:28:26] KE: laila.rahmawati@student.polinema.ac.id | SUBJEK: Akun Anda Dinonaktifkan - KarirKu Polinema | (SMTP belum dikonfigurasi, dicatat sebagai log saja)
------------------------------------------------------------

                    KarirKu PolinemaAkun KarirKu Polinema Anda telah dinonaktifkan Admin.Alasan: Catatan uji otomatis.
                    Email ini dikirim otomatis oleh sistem KarirKu Polinema. Mohon tidak membalas email ini.
                 

[2026-10-02 13:28:26] KE: lintang.nuraini@student.polinema.ac.id | SUBJEK: Akun Anda Dinonaktifkan - KarirKu Polinema | (SMTP belum dikonfigurasi, dicatat sebagai log saja)
------------------------------------------------------------

                    KarirKu PolinemaAkun KarirKu Polinema Anda telah dinonaktifkan Admin.Alasan: Catatan uji otomatis.
                    Email ini dikirim otomatis oleh sistem KarirKu Polinema. Mohon tidak membalas email ini.
                 

[2026-10-02 13:28:26] KE: maya.wulandari@student.polinema.ac.id | SUBJEK: Akun Anda Dinonaktifkan - KarirKu Polinema | (SMTP belum dikonfigurasi, dicatat sebagai log saja)
------------------------------------------------------------

                    KarirKu PolinemaAkun KarirKu Polinema Anda telah dinonaktifkan Admin.Alasan: Catatan uji otomatis.
                    Email ini dikirim otomatis oleh sistem KarirKu Polinema. Mohon tidak membalas email ini.
                 

[2026-10-02 13:28:26] KE: mega.maharani@student.polinema.ac.id | SUBJEK: Akun Anda Dinonaktifkan - KarirKu Polinema | (SMTP belum dikonfigurasi, dicatat sebagai log saja)
------------------------------------------------------------

                    KarirKu PolinemaAkun KarirKu Polinema Anda telah dinonaktifkan Admin.Alasan: Catatan uji otomatis.
                    Email ini dikirim otomatis oleh sistem KarirKu Polinema. Mohon tidak membalas email ini.
                 

[2026-10-02 13:28:26] KE: melati.anggraini@student.polinema.ac.id | SUBJEK: Akun Anda Dinonaktifkan - KarirKu Polinema | (SMTP belum dikonfigurasi, dicatat sebagai log saja)
------------------------------------------------------------

                    KarirKu PolinemaAkun KarirKu Polinema Anda telah dinonaktifkan Admin.Alasan: Catatan uji otomatis.
                    Email ini dikirim otomatis oleh sistem KarirKu Polinema. Mohon tidak membalas email ini.
                 

[2026-10-02 13:28:26] KE: calon.mahasiswa@student.polinema.ac.id | SUBJEK: Akun Anda Dinonaktifkan - KarirKu Polinema | (SMTP belum dikonfigurasi, dicatat sebagai log saja)
------------------------------------------------------------

                    KarirKu PolinemaAkun KarirKu Polinema Anda telah dinonaktifkan Admin.Alasan: Catatan uji otomatis.
                    Email ini dikirim otomatis oleh sistem KarirKu Polinema. Mohon tidak membalas email ini.
                 

[2026-10-02 13:28:26] KE: novi.andini@student.polinema.ac.id | SUBJEK: Akun Anda Dinonaktifkan - KarirKu Polinema | (SMTP belum dikonfigurasi, dicatat sebagai log saja)
------------------------------------------------------------

                    KarirKu PolinemaAkun KarirKu Polinema Anda telah dinonaktifkan Admin.Alasan: Catatan uji otomatis.
                    Email ini dikirim otomatis oleh sistem KarirKu Polinema. Mohon tidak membalas email ini.
                 

[2026-10-02 13:28:26] KE: nur.hidayah@student.polinema.ac.id | SUBJEK: Akun Anda Dinonaktifkan - KarirKu Polinema | (SMTP belum dikonfigurasi, dicatat sebagai log saja)
------------------------------------------------------------

                    KarirKu PolinemaAkun KarirKu Polinema Anda telah dinonaktifkan Admin.Alasan: Catatan uji otomatis.
                    Email ini dikirim otomatis oleh sistem KarirKu Polinema. Mohon tidak membalas email ini.
                 

[2026-10-02 13:28:26] KE: panji.firdaus@student.polinema.ac.id | SUBJEK: Akun Anda Dinonaktifkan - KarirKu Polinema | (SMTP belum dikonfigurasi, dicatat sebagai log saja)
------------------------------------------------------------

                    KarirKu PolinemaAkun KarirKu Polinema Anda telah dinonaktifkan Admin.Alasan: Catatan uji otomatis.
                    Email ini dikirim otomatis oleh sistem KarirKu Polinema. Mohon tidak membalas email ini.
                 

[2026-10-02 13:28:26] KE: putri.safitri@student.polinema.ac.id | SUBJEK: Akun Anda Dinonaktifkan - KarirKu Polinema | (SMTP belum dikonfigurasi, dicatat sebagai log saja)
------------------------------------------------------------

                    KarirKu PolinemaAkun KarirKu Polinema Anda telah dinonaktifkan Admin.Alasan: Catatan uji otomatis.
                    Email ini dikirim otomatis oleh sistem KarirKu Polinema. Mohon tidak membalas email ini.
                 

[2026-10-02 13:28:26] KE: rahma.permata@student.polinema.ac.id | SUBJEK: Akun Anda Dinonaktifkan - KarirKu Polinema | (SMTP belum dikonfigurasi, dicatat sebagai log saja)
------------------------------------------------------------

                    KarirKu PolinemaAkun KarirKu Polinema Anda telah dinonaktifkan Admin.Alasan: Catatan uji otomatis.
                    Email ini dikirim otomatis oleh sistem KarirKu Polinema. Mohon tidak membalas email ini.
                 

[2026-10-02 13:28:26] KE: rangga.nugroho@student.polinema.ac.id | SUBJEK: Akun Anda Dinonaktifkan - KarirKu Polinema | (SMTP belum dikonfigurasi, dicatat sebagai log saja)
------------------------------------------------------------

                    KarirKu PolinemaAkun KarirKu Polinema Anda telah dinonaktifkan Admin.Alasan: Catatan uji otomatis.
                    Email ini dikirim otomatis oleh sistem KarirKu Polinema. Mohon tidak membalas email ini.
                 

[2026-10-02 13:28:26] KE: ratna.safitri@student.polinema.ac.id | SUBJEK: Akun Anda Dinonaktifkan - KarirKu Polinema | (SMTP belum dikonfigurasi, dicatat sebagai log saja)
------------------------------------------------------------

                    KarirKu PolinemaAkun KarirKu Polinema Anda telah dinonaktifkan Admin.Alasan: Catatan uji otomatis.
                    Email ini dikirim otomatis oleh sistem KarirKu Polinema. Mohon tidak membalas email ini.
                 

[2026-10-02 13:28:26] KE: reza.siregar@student.polinema.ac.id | SUBJEK: Akun Anda Dinonaktifkan - KarirKu Polinema | (SMTP belum dikonfigurasi, dicatat sebagai log saja)
------------------------------------------------------------

                    KarirKu PolinemaAkun KarirKu Polinema Anda telah dinonaktifkan Admin.Alasan: Catatan uji otomatis.
                    Email ini dikirim otomatis oleh sistem KarirKu Polinema. Mohon tidak membalas email ini.
                 

[2026-10-02 13:28:26] KE: rina.kusuma@student.polinema.ac.id | SUBJEK: Akun Anda Dinonaktifkan - KarirKu Polinema | (SMTP belum dikonfigurasi, dicatat sebagai log saja)
------------------------------------------------------------

                    KarirKu PolinemaAkun KarirKu Polinema Anda telah dinonaktifkan Admin.Alasan: Catatan uji otomatis.
                    Email ini dikirim otomatis oleh sistem KarirKu Polinema. Mohon tidak membalas email ini.
                 

[2026-10-02 13:28:26] KE: rizky.saputra@student.polinema.ac.id | SUBJEK: Akun Anda Dinonaktifkan - KarirKu Polinema | (SMTP belum dikonfigurasi, dicatat sebagai log saja)
------------------------------------------------------------

                    KarirKu PolinemaAkun KarirKu Polinema Anda telah dinonaktifkan Admin.Alasan: Catatan uji otomatis.
                    Email ini dikirim otomatis oleh sistem KarirKu Polinema. Mohon tidak membalas email ini.
                 

[2026-10-02 13:28:26] KE: salsa.kusuma@student.polinema.ac.id | SUBJEK: Akun Anda Dinonaktifkan - KarirKu Polinema | (SMTP belum dikonfigurasi, dicatat sebagai log saja)
------------------------------------------------------------

                    KarirKu PolinemaAkun KarirKu Polinema Anda telah dinonaktifkan Admin.Alasan: Catatan uji otomatis.
                    Email ini dikirim otomatis oleh sistem KarirKu Polinema. Mohon tidak membalas email ini.
                 

[2026-10-02 13:28:26] KE: sari.oktaviani@student.polinema.ac.id | SUBJEK: Akun Anda Dinonaktifkan - KarirKu Polinema | (SMTP belum dikonfigurasi, dicatat sebagai log saja)
------------------------------------------------------------

                    KarirKu PolinemaAkun KarirKu Polinema Anda telah dinonaktifkan Admin.Alasan: Catatan uji otomatis.
                    Email ini dikirim otomatis oleh sistem KarirKu Polinema. Mohon tidak membalas email ini.
                 

[2026-10-02 13:28:26] KE: satrio.pratama@student.polinema.ac.id | SUBJEK: Akun Anda Dinonaktifkan - KarirKu Polinema | (SMTP belum dikonfigurasi, dicatat sebagai log saja)
------------------------------------------------------------

                    KarirKu PolinemaAkun KarirKu Polinema Anda telah dinonaktifkan Admin.Alasan: Catatan uji otomatis.
                    Email ini dikirim otomatis oleh sistem KarirKu Polinema. Mohon tidak membalas email ini.
                 

[2026-10-02 13:28:26] KE: siti.nuraini@student.polinema.ac.id | SUBJEK: Akun Anda Dinonaktifkan - KarirKu Polinema | (SMTP belum dikonfigurasi, dicatat sebagai log saja)
------------------------------------------------------------

                    KarirKu PolinemaAkun KarirKu Polinema Anda telah dinonaktifkan Admin.Alasan: Catatan uji otomatis.
                    Email ini dikirim otomatis oleh sistem KarirKu Polinema. Mohon tidak membalas email ini.
                 

[2026-10-02 13:28:26] KE: teguh.firdaus@student.polinema.ac.id | SUBJEK: Akun Anda Dinonaktifkan - KarirKu Polinema | (SMTP belum dikonfigurasi, dicatat sebagai log saja)
------------------------------------------------------------

                    KarirKu PolinemaAkun KarirKu Polinema Anda telah dinonaktifkan Admin.Alasan: Catatan uji otomatis.
                    Email ini dikirim otomatis oleh sistem KarirKu Polinema. Mohon tidak membalas email ini.
                 

[2026-10-02 13:28:26] KE: tiara.rahmawati@student.polinema.ac.id | SUBJEK: Akun Anda Dinonaktifkan - KarirKu Polinema | (SMTP belum dikonfigurasi, dicatat sebagai log saja)
------------------------------------------------------------

                    KarirKu PolinemaAkun KarirKu Polinema Anda telah dinonaktifkan Admin.Alasan: Catatan uji otomatis.
                    Email ini dikirim otomatis oleh sistem KarirKu Polinema. Mohon tidak membalas email ini.
                 

[2026-10-02 13:28:26] KE: vina.oktaviani@student.polinema.ac.id | SUBJEK: Akun Anda Dinonaktifkan - KarirKu Polinema | (SMTP belum dikonfigurasi, dicatat sebagai log saja)
------------------------------------------------------------

                    KarirKu PolinemaAkun KarirKu Polinema Anda telah dinonaktifkan Admin.Alasan: Catatan uji otomatis.
                    Email ini dikirim otomatis oleh sistem KarirKu Polinema. Mohon tidak membalas email ini.
                 

[2026-10-02 13:28:26] KE: wahyu.nugroho@student.polinema.ac.id | SUBJEK: Akun Anda Dinonaktifkan - KarirKu Polinema | (SMTP belum dikonfigurasi, dicatat sebagai log saja)
------------------------------------------------------------

                    KarirKu PolinemaAkun KarirKu Polinema Anda telah dinonaktifkan Admin.Alasan: Catatan uji otomatis.
                    Email ini dikirim otomatis oleh sistem KarirKu Polinema. Mohon tidak membalas email ini.
                 

[2026-10-02 13:28:26] KE: winda.hidayah@student.polinema.ac.id | SUBJEK: Akun Anda Dinonaktifkan - KarirKu Polinema | (SMTP belum dikonfigurasi, dicatat sebagai log saja)
------------------------------------------------------------

                    KarirKu PolinemaAkun KarirKu Polinema Anda telah dinonaktifkan Admin.Alasan: Catatan uji otomatis.
                    Email ini dikirim otomatis oleh sistem KarirKu Polinema. Mohon tidak membalas email ini.
                 

[2026-10-02 13:28:26] KE: yoga.prasetyo@student.polinema.ac.id | SUBJEK: Akun Anda Dinonaktifkan - KarirKu Polinema | (SMTP belum dikonfigurasi, dicatat sebagai log saja)
------------------------------------------------------------

                    KarirKu PolinemaAkun KarirKu Polinema Anda telah dinonaktifkan Admin.Alasan: Catatan uji otomatis.
                    Email ini dikirim otomatis oleh sistem KarirKu Polinema. Mohon tidak membalas email ini.
                 

[2026-10-02 13:28:26] KE: yusuf.santoso@student.polinema.ac.id | SUBJEK: Akun Anda Dinonaktifkan - KarirKu Polinema | (SMTP belum dikonfigurasi, dicatat sebagai log saja)
------------------------------------------------------------

                    KarirKu PolinemaAkun KarirKu Polinema Anda telah dinonaktifkan Admin.Alasan: Catatan uji otomatis.
                    Email ini dikirim otomatis oleh sistem KarirKu Polinema. Mohon tidak membalas email ini.
                 

[2026-10-02 13:28:26] KE: zahra.lestari@student.polinema.ac.id | SUBJEK: Akun Anda Dinonaktifkan - KarirKu Polinema | (SMTP belum dikonfigurasi, dicatat sebagai log saja)
------------------------------------------------------------

                    KarirKu PolinemaAkun KarirKu Polinema Anda telah dinonaktifkan Admin.Alasan: Catatan uji otomatis.
                    Email ini dikirim otomatis oleh sistem KarirKu Polinema. Mohon tidak membalas email ini.
                 

[2026-10-02 13:28:26] KE: hrd@adhikarya.co.id | SUBJEK: Akun Anda Dinonaktifkan - KarirKu Polinema | (SMTP belum dikonfigurasi, dicatat sebagai log saja)
------------------------------------------------------------

                    KarirKu PolinemaAkun KarirKu Polinema Anda telah dinonaktifkan Admin.Alasan: Catatan uji otomatis.
                    Email ini dikirim otomatis oleh sistem KarirKu Polinema. Mohon tidak membalas email ini.
                 

[2026-10-02 13:28:26] KE: hrd@astraotoparts.co.id | SUBJEK: Akun Anda Dinonaktifkan - KarirKu Polinema | (SMTP belum dikonfigurasi, dicatat sebagai log saja)
------------------------------------------------------------

                    KarirKu PolinemaAkun KarirKu Polinema Anda telah dinonaktifkan Admin.Alasan: Catatan uji otomatis.
                    Email ini dikirim otomatis oleh sistem KarirKu Polinema. Mohon tidak membalas email ini.
                 

[2026-10-02 13:28:26] KE: hrd@bankmandiri.co.id | SUBJEK: Akun Anda Dinonaktifkan - KarirKu Polinema | (SMTP belum dikonfigurasi, dicatat sebagai log saja)
------------------------------------------------------------

                    KarirKu PolinemaAkun KarirKu Polinema Anda telah dinonaktifkan Admin.Alasan: Catatan uji otomatis.
                    Email ini dikirim otomatis oleh sistem KarirKu Polinema. Mohon tidak membalas email ini.
                 

[2026-10-02 13:28:26] KE: hrd@barataindonesia.co.id | SUBJEK: Akun Anda Dinonaktifkan - KarirKu Polinema | (SMTP belum dikonfigurasi, dicatat sebagai log saja)
------------------------------------------------------------

                    KarirKu PolinemaAkun KarirKu Polinema Anda telah dinonaktifkan Admin.Alasan: Catatan uji otomatis.
                    Email ini dikirim otomatis oleh sistem KarirKu Polinema. Mohon tidak membalas email ini.
                 

[2026-10-02 13:28:26] KE: hrd@energilistrikmandiri.co.id | SUBJEK: Akun Anda Dinonaktifkan - KarirKu Polinema | (SMTP belum dikonfigurasi, dicatat sebagai log saja)
------------------------------------------------------------

                    KarirKu PolinemaAkun KarirKu Polinema Anda telah dinonaktifkan Admin.Alasan: Catatan uji otomatis.
                    Email ini dikirim otomatis oleh sistem KarirKu Polinema. Mohon tidak membalas email ini.
                 

[2026-10-02 13:28:26] KE: hrd@gudanggaram.co.id | SUBJEK: Akun Anda Dinonaktifkan - KarirKu Polinema | (SMTP belum dikonfigurasi, dicatat sebagai log saja)
------------------------------------------------------------

                    KarirKu PolinemaAkun KarirKu Polinema Anda telah dinonaktifkan Admin.Alasan: Catatan uji otomatis.
                    Email ini dikirim otomatis oleh sistem KarirKu Polinema. Mohon tidak membalas email ini.
                 

[2026-10-02 13:28:26] KE: hrd@karyaabadi.co.id | SUBJEK: Akun Anda Dinonaktifkan - KarirKu Polinema | (SMTP belum dikonfigurasi, dicatat sebagai log saja)
------------------------------------------------------------

                    KarirKu PolinemaAkun KarirKu Polinema Anda telah dinonaktifkan Admin.Alasan: Catatan uji otomatis.
                    Email ini dikirim otomatis oleh sistem KarirKu Polinema. Mohon tidak membalas email ini.
                 

[2026-10-02 13:28:26] KE: hrd@mitraarsipnusantara.co.id | SUBJEK: Akun Anda Dinonaktifkan - KarirKu Polinema | (SMTP belum dikonfigurasi, dicatat sebagai log saja)
------------------------------------------------------------

                    KarirKu PolinemaAkun KarirKu Polinema Anda telah dinonaktifkan Admin.Alasan: Catatan uji otomatis.
                    Email ini dikirim otomatis oleh sistem KarirKu Polinema. Mohon tidak membalas email ini.
                 

[2026-10-02 13:28:26] KE: hrd@mitrasejahtera.co.id | SUBJEK: Akun Anda Dinonaktifkan - KarirKu Polinema | (SMTP belum dikonfigurasi, dicatat sebagai log saja)
------------------------------------------------------------

                    KarirKu PolinemaAkun KarirKu Polinema Anda telah dinonaktifkan Admin.Alasan: Catatan uji otomatis.
                    Email ini dikirim otomatis oleh sistem KarirKu Polinema. Mohon tidak membalas email ini.
                 

[2026-10-02 13:28:26] KE: hrd@nestleindonesia.co.id | SUBJEK: Akun Anda Dinonaktifkan - KarirKu Polinema | (SMTP belum dikonfigurasi, dicatat sebagai log saja)
------------------------------------------------------------

                    KarirKu PolinemaAkun KarirKu Polinema Anda telah dinonaktifkan Admin.Alasan: Catatan uji otomatis.
                    Email ini dikirim otomatis oleh sistem KarirKu Polinema. Mohon tidak membalas email ini.
                 

[2026-10-02 13:28:26] KE: perusahaan@polinema.ac.id | SUBJEK: Akun Anda Dinonaktifkan - KarirKu Polinema | (SMTP belum dikonfigurasi, dicatat sebagai log saja)
------------------------------------------------------------

                    KarirKu PolinemaAkun KarirKu Polinema Anda telah dinonaktifkan Admin.Alasan: Catatan uji otomatis.
                    Email ini dikirim otomatis oleh sistem KarirKu Polinema. Mohon tidak membalas email ini.
                 

[2026-10-02 13:28:26] KE: hrd@nusantarateknologicerd.co.id | SUBJEK: Akun Anda Dinonaktifkan - KarirKu Polinema | (SMTP belum dikonfigurasi, dicatat sebagai log saja)
------------------------------------------------------------

                    KarirKu PolinemaAkun KarirKu Polinema Anda telah dinonaktifkan Admin.Alasan: Catatan uji otomatis.
                    Email ini dikirim otomatis oleh sistem KarirKu Polinema. Mohon tidak membalas email ini.
                 

[2026-10-02 13:28:26] KE: hrd@pertaminapatraniaga.co.id | SUBJEK: Akun Anda Dinonaktifkan - KarirKu Polinema | (SMTP belum dikonfigurasi, dicatat sebagai log saja)
------------------------------------------------------------

                    KarirKu PolinemaAkun KarirKu Polinema Anda telah dinonaktifkan Admin.Alasan: Catatan uji otomatis.
                    Email ini dikirim otomatis oleh sistem KarirKu Polinema. Mohon tidak membalas email ini.
                 

[2026-10-02 13:28:26] KE: hrd@pindad.co.id | SUBJEK: Akun Anda Dinonaktifkan - KarirKu Polinema | (SMTP belum dikonfigurasi, dicatat sebagai log saja)
------------------------------------------------------------

                    KarirKu PolinemaAkun KarirKu Polinema Anda telah dinonaktifkan Admin.Alasan: Catatan uji otomatis.
                    Email ini dikirim otomatis oleh sistem KarirKu Polinema. Mohon tidak membalas email ini.
                 

[2026-10-02 13:28:26] KE: hrd@semenindonesia.co.id | SUBJEK: Akun Anda Dinonaktifkan - KarirKu Polinema | (SMTP belum dikonfigurasi, dicatat sebagai log saja)
------------------------------------------------------------

                    KarirKu PolinemaAkun KarirKu Polinema Anda telah dinonaktifkan Admin.Alasan: Catatan uji otomatis.
                    Email ini dikirim otomatis oleh sistem KarirKu Polinema. Mohon tidak membalas email ini.
                 

[2026-10-02 13:28:26] KE: hrd@sinergidatanusantara.co.id | SUBJEK: Akun Anda Dinonaktifkan - KarirKu Polinema | (SMTP belum dikonfigurasi, dicatat sebagai log saja)
------------------------------------------------------------

                    KarirKu PolinemaAkun KarirKu Polinema Anda telah dinonaktifkan Admin.Alasan: Catatan uji otomatis.
                    Email ini dikirim otomatis oleh sistem KarirKu Polinema. Mohon tidak membalas email ini.
                 

[2026-10-02 13:28:26] KE: hrd@telkomindonesia.co.id | SUBJEK: Akun Anda Dinonaktifkan - KarirKu Polinema | (SMTP belum dikonfigurasi, dicatat sebagai log saja)
------------------------------------------------------------

                    KarirKu PolinemaAkun KarirKu Polinema Anda telah dinonaktifkan Admin.Alasan: Catatan uji otomatis.
                    Email ini dikirim otomatis oleh sistem KarirKu Polinema. Mohon tidak membalas email ini.
                 

[2026-10-02 13:28:26] KE: hrd@wilmarnabatiindonesia.co.id | SUBJEK: Akun Anda Dinonaktifkan - KarirKu Polinema | (SMTP belum dikonfigurasi, dicatat sebagai log saja)
------------------------------------------------------------

                    KarirKu PolinemaAkun KarirKu Polinema Anda telah dinonaktifkan Admin.Alasan: Catatan uji otomatis.
                    Email ini dikirim otomatis oleh sistem KarirKu Polinema. Mohon tidak membalas email ini.
                 

[2026-10-02 13:49:07] KE: calon.mahasiswa@student.polinema.ac.id | SUBJEK: [KarirKu] Data pendaftaran Anda perlu diperbaiki | (SMTP belum dikonfigurasi, dicatat sebagai log saja)
------------------------------------------------------------

                    KarirKu PolinemaAdmin menemukan data atau dokumen yang perlu diperbaiki.Catatan Admin: Mohon lengkapi berkas.
                    Email ini dikirim otomatis oleh sistem KarirKu Polinema. Mohon tidak membalas email ini.
                 

[2026-10-02 13:49:07] KE: mahasiswa@polinema.ac.id | SUBJEK: Akun Anda Diaktifkan Kembali - KarirKu Polinema | (SMTP belum dikonfigurasi, dicatat sebagai log saja)
------------------------------------------------------------

                    KarirKu PolinemaAkun KarirKu Polinema Anda telah diaktifkan kembali. Silakan masuk seperti biasa.
                    Email ini dikirim otomatis oleh sistem KarirKu Polinema. Mohon tidak membalas email ini.
                 

[2026-10-02 13:49:09] KE: ahmad.pratama@student.polinema.ac.id | SUBJEK: Akun Anda Dinonaktifkan - KarirKu Polinema | (SMTP belum dikonfigurasi, dicatat sebagai log saja)
------------------------------------------------------------

                    KarirKu PolinemaAkun KarirKu Polinema Anda telah dinonaktifkan Admin.Alasan: Catatan uji otomatis.
                    Email ini dikirim otomatis oleh sistem KarirKu Polinema. Mohon tidak membalas email ini.
                 

[2026-10-02 13:49:09] KE: alfian.ramadhan@student.polinema.ac.id | SUBJEK: Akun Anda Dinonaktifkan - KarirKu Polinema | (SMTP belum dikonfigurasi, dicatat sebagai log saja)
------------------------------------------------------------

                    KarirKu PolinemaAkun KarirKu Polinema Anda telah dinonaktifkan Admin.Alasan: Catatan uji otomatis.
                    Email ini dikirim otomatis oleh sistem KarirKu Polinema. Mohon tidak membalas email ini.
                 

[2026-10-02 13:49:09] KE: anisa.handayani@student.polinema.ac.id | SUBJEK: Akun Anda Dinonaktifkan - KarirKu Polinema | (SMTP belum dikonfigurasi, dicatat sebagai log saja)
------------------------------------------------------------

                    KarirKu PolinemaAkun KarirKu Polinema Anda telah dinonaktifkan Admin.Alasan: Catatan uji otomatis.
                    Email ini dikirim otomatis oleh sistem KarirKu Polinema. Mohon tidak membalas email ini.
                 

[2026-10-02 13:49:09] KE: arif.setiawan@student.polinema.ac.id | SUBJEK: Akun Anda Dinonaktifkan - KarirKu Polinema | (SMTP belum dikonfigurasi, dicatat sebagai log saja)
------------------------------------------------------------

                    KarirKu PolinemaAkun KarirKu Polinema Anda telah dinonaktifkan Admin.Alasan: Catatan uji otomatis.
                    Email ini dikirim otomatis oleh sistem KarirKu Polinema. Mohon tidak membalas email ini.
                 

[2026-10-02 13:49:09] KE: ayu.anggraini@student.polinema.ac.id | SUBJEK: Akun Anda Dinonaktifkan - KarirKu Polinema | (SMTP belum dikonfigurasi, dicatat sebagai log saja)
------------------------------------------------------------

                    KarirKu PolinemaAkun KarirKu Polinema Anda telah dinonaktifkan Admin.Alasan: Catatan uji otomatis.
                    Email ini dikirim otomatis oleh sistem KarirKu Polinema. Mohon tidak membalas email ini.
                 

[2026-10-02 13:49:09] KE: bagus.wicaksono@student.polinema.ac.id | SUBJEK: Akun Anda Dinonaktifkan - KarirKu Polinema | (SMTP belum dikonfigurasi, dicatat sebagai log saja)
------------------------------------------------------------

                    KarirKu PolinemaAkun KarirKu Polinema Anda telah dinonaktifkan Admin.Alasan: Catatan uji otomatis.
                    Email ini dikirim otomatis oleh sistem KarirKu Polinema. Mohon tidak membalas email ini.
                 

[2026-10-02 13:49:09] KE: bayu.gunawan@student.polinema.ac.id | SUBJEK: Akun Anda Dinonaktifkan - KarirKu Polinema | (SMTP belum dikonfigurasi, dicatat sebagai log saja)
------------------------------------------------------------

                    KarirKu PolinemaAkun KarirKu Polinema Anda telah dinonaktifkan Admin.Alasan: Catatan uji otomatis.
                    Email ini dikirim otomatis oleh sistem KarirKu Polinema. Mohon tidak membalas email ini.
                 

[2026-10-02 13:49:09] KE: bima.wijaya@student.polinema.ac.id | SUBJEK: Akun Anda Dinonaktifkan - KarirKu Polinema | (SMTP belum dikonfigurasi, dicatat sebagai log saja)
------------------------------------------------------------

                    KarirKu PolinemaAkun KarirKu Polinema Anda telah dinonaktifkan Admin.Alasan: Catatan uji otomatis.
                    Email ini dikirim otomatis oleh sistem KarirKu Polinema. Mohon tidak membalas email ini.
                 

[2026-10-02 13:49:09] KE: mahasiswa@polinema.ac.id | SUBJEK: Akun Anda Dinonaktifkan - KarirKu Polinema | (SMTP belum dikonfigurasi, dicatat sebagai log saja)
------------------------------------------------------------

                    KarirKu PolinemaAkun KarirKu Polinema Anda telah dinonaktifkan Admin.Alasan: Catatan uji otomatis.
                    Email ini dikirim otomatis oleh sistem KarirKu Polinema. Mohon tidak membalas email ini.
                 

[2026-10-02 13:49:09] KE: candra.wicaksono@student.polinema.ac.id | SUBJEK: Akun Anda Dinonaktifkan - KarirKu Polinema | (SMTP belum dikonfigurasi, dicatat sebagai log saja)
------------------------------------------------------------

                    KarirKu PolinemaAkun KarirKu Polinema Anda telah dinonaktifkan Admin.Alasan: Catatan uji otomatis.
                    Email ini dikirim otomatis oleh sistem KarirKu Polinema. Mohon tidak membalas email ini.
                 

[2026-10-02 13:49:09] KE: dani.prasetyo@student.polinema.ac.id | SUBJEK: Akun Anda Dinonaktifkan - KarirKu Polinema | (SMTP belum dikonfigurasi, dicatat sebagai log saja)
------------------------------------------------------------

                    KarirKu PolinemaAkun KarirKu Polinema Anda telah dinonaktifkan Admin.Alasan: Catatan uji otomatis.
                    Email ini dikirim otomatis oleh sistem KarirKu Polinema. Mohon tidak membalas email ini.
                 

[2026-10-02 13:49:09] KE: dewi.lestari@student.polinema.ac.id | SUBJEK: Akun Anda Dinonaktifkan - KarirKu Polinema | (SMTP belum dikonfigurasi, dicatat sebagai log saja)
------------------------------------------------------------

                    KarirKu PolinemaAkun KarirKu Polinema Anda telah dinonaktifkan Admin.Alasan: Catatan uji otomatis.
                    Email ini dikirim otomatis oleh sistem KarirKu Polinema. Mohon tidak membalas email ini.
                 

[2026-10-02 13:49:09] KE: diah.puspita@student.polinema.ac.id | SUBJEK: Akun Anda Dinonaktifkan - KarirKu Polinema | (SMTP belum dikonfigurasi, dicatat sebagai log saja)
------------------------------------------------------------

                    KarirKu PolinemaAkun KarirKu Polinema Anda telah dinonaktifkan Admin.Alasan: Catatan uji otomatis.
                    Email ini dikirim otomatis oleh sistem KarirKu Polinema. Mohon tidak membalas email ini.
                 

[2026-10-02 13:49:09] KE: dimas.santoso@student.polinema.ac.id | SUBJEK: Akun Anda Dinonaktifkan - KarirKu Polinema | (SMTP belum dikonfigurasi, dicatat sebagai log saja)
------------------------------------------------------------

                    KarirKu PolinemaAkun KarirKu Polinema Anda telah dinonaktifkan Admin.Alasan: Catatan uji otomatis.
                    Email ini dikirim otomatis oleh sistem KarirKu Polinema. Mohon tidak membalas email ini.
                 

[2026-10-02 13:49:09] KE: eko.purnomo@student.polinema.ac.id | SUBJEK: Akun Anda Dinonaktifkan - KarirKu Polinema | (SMTP belum dikonfigurasi, dicatat sebagai log saja)
------------------------------------------------------------

                    KarirKu PolinemaAkun KarirKu Polinema Anda telah dinonaktifkan Admin.Alasan: Catatan uji otomatis.
                    Email ini dikirim otomatis oleh sistem KarirKu Polinema. Mohon tidak membalas email ini.
                 

[2026-10-02 13:49:09] KE: fajar.ramadhan@student.polinema.ac.id | SUBJEK: Akun Anda Dinonaktifkan - KarirKu Polinema | (SMTP belum dikonfigurasi, dicatat sebagai log saja)
------------------------------------------------------------

                    KarirKu PolinemaAkun KarirKu Polinema Anda telah dinonaktifkan Admin.Alasan: Catatan uji otomatis.
                    Email ini dikirim otomatis oleh sistem KarirKu Polinema. Mohon tidak membalas email ini.
                 

[2026-10-02 13:49:09] KE: fitri.khoirunnisa@student.polinema.ac.id | SUBJEK: Akun Anda Dinonaktifkan - KarirKu Polinema | (SMTP belum dikonfigurasi, dicatat sebagai log saja)
------------------------------------------------------------

                    KarirKu PolinemaAkun KarirKu Polinema Anda telah dinonaktifkan Admin.Alasan: Catatan uji otomatis.
                    Email ini dikirim otomatis oleh sistem KarirKu Polinema. Mohon tidak membalas email ini.
                 

[2026-10-02 13:49:09] KE: galih.hartono@student.polinema.ac.id | SUBJEK: Akun Anda Dinonaktifkan - KarirKu Polinema | (SMTP belum dikonfigurasi, dicatat sebagai log saja)
------------------------------------------------------------

                    KarirKu PolinemaAkun KarirKu Polinema Anda telah dinonaktifkan Admin.Alasan: Catatan uji otomatis.
                    Email ini dikirim otomatis oleh sistem KarirKu Polinema. Mohon tidak membalas email ini.
                 

[2026-10-02 13:49:09] KE: gilang.saputra@student.polinema.ac.id | SUBJEK: Akun Anda Dinonaktifkan - KarirKu Polinema | (SMTP belum dikonfigurasi, dicatat sebagai log saja)
------------------------------------------------------------

                    KarirKu PolinemaAkun KarirKu Polinema Anda telah dinonaktifkan Admin.Alasan: Catatan uji otomatis.
                    Email ini dikirim otomatis oleh sistem KarirKu Polinema. Mohon tidak membalas email ini.
                 

[2026-10-02 13:49:09] KE: hafiz.setiawan@student.polinema.ac.id | SUBJEK: Akun Anda Dinonaktifkan - KarirKu Polinema | (SMTP belum dikonfigurasi, dicatat sebagai log saja)
------------------------------------------------------------

                    KarirKu PolinemaAkun KarirKu Polinema Anda telah dinonaktifkan Admin.Alasan: Catatan uji otomatis.
                    Email ini dikirim otomatis oleh sistem KarirKu Polinema. Mohon tidak membalas email ini.
                 

[2026-10-02 13:49:09] KE: hendra.wijaya@student.polinema.ac.id | SUBJEK: Akun Anda Dinonaktifkan - KarirKu Polinema | (SMTP belum dikonfigurasi, dicatat sebagai log saja)
------------------------------------------------------------

                    KarirKu PolinemaAkun KarirKu Polinema Anda telah dinonaktifkan Admin.Alasan: Catatan uji otomatis.
                    Email ini dikirim otomatis oleh sistem KarirKu Polinema. Mohon tidak membalas email ini.
                 

[2026-10-02 13:49:09] KE: intan.permata@student.polinema.ac.id | SUBJEK: Akun Anda Dinonaktifkan - KarirKu Polinema | (SMTP belum dikonfigurasi, dicatat sebagai log saja)
------------------------------------------------------------

                    KarirKu PolinemaAkun KarirKu Polinema Anda telah dinonaktifkan Admin.Alasan: Catatan uji otomatis.
                    Email ini dikirim otomatis oleh sistem KarirKu Polinema. Mohon tidak membalas email ini.
                 

[2026-10-02 13:49:09] KE: irfan.mahendra@student.polinema.ac.id | SUBJEK: Akun Anda Dinonaktifkan - KarirKu Polinema | (SMTP belum dikonfigurasi, dicatat sebagai log saja)
------------------------------------------------------------

                    KarirKu PolinemaAkun KarirKu Polinema Anda telah dinonaktifkan Admin.Alasan: Catatan uji otomatis.
                    Email ini dikirim otomatis oleh sistem KarirKu Polinema. Mohon tidak membalas email ini.
                 

[2026-10-02 13:49:09] KE: kirana.maharani@student.polinema.ac.id | SUBJEK: Akun Anda Dinonaktifkan - KarirKu Polinema | (SMTP belum dikonfigurasi, dicatat sebagai log saja)
------------------------------------------------------------

                    KarirKu PolinemaAkun KarirKu Polinema Anda telah dinonaktifkan Admin.Alasan: Catatan uji otomatis.
                    Email ini dikirim otomatis oleh sistem KarirKu Polinema. Mohon tidak membalas email ini.
                 

[2026-10-02 13:49:09] KE: laila.rahmawati@student.polinema.ac.id | SUBJEK: Akun Anda Dinonaktifkan - KarirKu Polinema | (SMTP belum dikonfigurasi, dicatat sebagai log saja)
------------------------------------------------------------

                    KarirKu PolinemaAkun KarirKu Polinema Anda telah dinonaktifkan Admin.Alasan: Catatan uji otomatis.
                    Email ini dikirim otomatis oleh sistem KarirKu Polinema. Mohon tidak membalas email ini.
                 

[2026-10-02 13:49:09] KE: lintang.nuraini@student.polinema.ac.id | SUBJEK: Akun Anda Dinonaktifkan - KarirKu Polinema | (SMTP belum dikonfigurasi, dicatat sebagai log saja)
------------------------------------------------------------

                    KarirKu PolinemaAkun KarirKu Polinema Anda telah dinonaktifkan Admin.Alasan: Catatan uji otomatis.
                    Email ini dikirim otomatis oleh sistem KarirKu Polinema. Mohon tidak membalas email ini.
                 

[2026-10-02 13:49:09] KE: maya.wulandari@student.polinema.ac.id | SUBJEK: Akun Anda Dinonaktifkan - KarirKu Polinema | (SMTP belum dikonfigurasi, dicatat sebagai log saja)
------------------------------------------------------------

                    KarirKu PolinemaAkun KarirKu Polinema Anda telah dinonaktifkan Admin.Alasan: Catatan uji otomatis.
                    Email ini dikirim otomatis oleh sistem KarirKu Polinema. Mohon tidak membalas email ini.
                 

[2026-10-02 13:49:09] KE: mega.maharani@student.polinema.ac.id | SUBJEK: Akun Anda Dinonaktifkan - KarirKu Polinema | (SMTP belum dikonfigurasi, dicatat sebagai log saja)
------------------------------------------------------------

                    KarirKu PolinemaAkun KarirKu Polinema Anda telah dinonaktifkan Admin.Alasan: Catatan uji otomatis.
                    Email ini dikirim otomatis oleh sistem KarirKu Polinema. Mohon tidak membalas email ini.
                 

[2026-10-02 13:49:09] KE: melati.anggraini@student.polinema.ac.id | SUBJEK: Akun Anda Dinonaktifkan - KarirKu Polinema | (SMTP belum dikonfigurasi, dicatat sebagai log saja)
------------------------------------------------------------

                    KarirKu PolinemaAkun KarirKu Polinema Anda telah dinonaktifkan Admin.Alasan: Catatan uji otomatis.
                    Email ini dikirim otomatis oleh sistem KarirKu Polinema. Mohon tidak membalas email ini.
                 

[2026-10-02 13:49:09] KE: calon.mahasiswa@student.polinema.ac.id | SUBJEK: Akun Anda Dinonaktifkan - KarirKu Polinema | (SMTP belum dikonfigurasi, dicatat sebagai log saja)
------------------------------------------------------------

                    KarirKu PolinemaAkun KarirKu Polinema Anda telah dinonaktifkan Admin.Alasan: Catatan uji otomatis.
                    Email ini dikirim otomatis oleh sistem KarirKu Polinema. Mohon tidak membalas email ini.
                 

[2026-10-02 13:49:09] KE: novi.andini@student.polinema.ac.id | SUBJEK: Akun Anda Dinonaktifkan - KarirKu Polinema | (SMTP belum dikonfigurasi, dicatat sebagai log saja)
------------------------------------------------------------

                    KarirKu PolinemaAkun KarirKu Polinema Anda telah dinonaktifkan Admin.Alasan: Catatan uji otomatis.
                    Email ini dikirim otomatis oleh sistem KarirKu Polinema. Mohon tidak membalas email ini.
                 

[2026-10-02 13:49:09] KE: nur.hidayah@student.polinema.ac.id | SUBJEK: Akun Anda Dinonaktifkan - KarirKu Polinema | (SMTP belum dikonfigurasi, dicatat sebagai log saja)
------------------------------------------------------------

                    KarirKu PolinemaAkun KarirKu Polinema Anda telah dinonaktifkan Admin.Alasan: Catatan uji otomatis.
                    Email ini dikirim otomatis oleh sistem KarirKu Polinema. Mohon tidak membalas email ini.
                 

[2026-10-02 13:49:09] KE: panji.firdaus@student.polinema.ac.id | SUBJEK: Akun Anda Dinonaktifkan - KarirKu Polinema | (SMTP belum dikonfigurasi, dicatat sebagai log saja)
------------------------------------------------------------

                    KarirKu PolinemaAkun KarirKu Polinema Anda telah dinonaktifkan Admin.Alasan: Catatan uji otomatis.
                    Email ini dikirim otomatis oleh sistem KarirKu Polinema. Mohon tidak membalas email ini.
                 

[2026-10-02 13:49:09] KE: putri.safitri@student.polinema.ac.id | SUBJEK: Akun Anda Dinonaktifkan - KarirKu Polinema | (SMTP belum dikonfigurasi, dicatat sebagai log saja)
------------------------------------------------------------

                    KarirKu PolinemaAkun KarirKu Polinema Anda telah dinonaktifkan Admin.Alasan: Catatan uji otomatis.
                    Email ini dikirim otomatis oleh sistem KarirKu Polinema. Mohon tidak membalas email ini.
                 

[2026-10-02 13:49:09] KE: rahma.permata@student.polinema.ac.id | SUBJEK: Akun Anda Dinonaktifkan - KarirKu Polinema | (SMTP belum dikonfigurasi, dicatat sebagai log saja)
------------------------------------------------------------

                    KarirKu PolinemaAkun KarirKu Polinema Anda telah dinonaktifkan Admin.Alasan: Catatan uji otomatis.
                    Email ini dikirim otomatis oleh sistem KarirKu Polinema. Mohon tidak membalas email ini.
                 

[2026-10-02 13:49:09] KE: rangga.nugroho@student.polinema.ac.id | SUBJEK: Akun Anda Dinonaktifkan - KarirKu Polinema | (SMTP belum dikonfigurasi, dicatat sebagai log saja)
------------------------------------------------------------

                    KarirKu PolinemaAkun KarirKu Polinema Anda telah dinonaktifkan Admin.Alasan: Catatan uji otomatis.
                    Email ini dikirim otomatis oleh sistem KarirKu Polinema. Mohon tidak membalas email ini.
                 

[2026-10-02 13:49:09] KE: ratna.safitri@student.polinema.ac.id | SUBJEK: Akun Anda Dinonaktifkan - KarirKu Polinema | (SMTP belum dikonfigurasi, dicatat sebagai log saja)
------------------------------------------------------------

                    KarirKu PolinemaAkun KarirKu Polinema Anda telah dinonaktifkan Admin.Alasan: Catatan uji otomatis.
                    Email ini dikirim otomatis oleh sistem KarirKu Polinema. Mohon tidak membalas email ini.
                 

[2026-10-02 13:49:09] KE: reza.siregar@student.polinema.ac.id | SUBJEK: Akun Anda Dinonaktifkan - KarirKu Polinema | (SMTP belum dikonfigurasi, dicatat sebagai log saja)
------------------------------------------------------------

                    KarirKu PolinemaAkun KarirKu Polinema Anda telah dinonaktifkan Admin.Alasan: Catatan uji otomatis.
                    Email ini dikirim otomatis oleh sistem KarirKu Polinema. Mohon tidak membalas email ini.
                 

[2026-10-02 13:49:09] KE: rina.kusuma@student.polinema.ac.id | SUBJEK: Akun Anda Dinonaktifkan - KarirKu Polinema | (SMTP belum dikonfigurasi, dicatat sebagai log saja)
------------------------------------------------------------

                    KarirKu PolinemaAkun KarirKu Polinema Anda telah dinonaktifkan Admin.Alasan: Catatan uji otomatis.
                    Email ini dikirim otomatis oleh sistem KarirKu Polinema. Mohon tidak membalas email ini.
                 

[2026-10-02 13:49:09] KE: rizky.saputra@student.polinema.ac.id | SUBJEK: Akun Anda Dinonaktifkan - KarirKu Polinema | (SMTP belum dikonfigurasi, dicatat sebagai log saja)
------------------------------------------------------------

                    KarirKu PolinemaAkun KarirKu Polinema Anda telah dinonaktifkan Admin.Alasan: Catatan uji otomatis.
                    Email ini dikirim otomatis oleh sistem KarirKu Polinema. Mohon tidak membalas email ini.
                 

[2026-10-02 13:49:09] KE: salsa.kusuma@student.polinema.ac.id | SUBJEK: Akun Anda Dinonaktifkan - KarirKu Polinema | (SMTP belum dikonfigurasi, dicatat sebagai log saja)
------------------------------------------------------------

                    KarirKu PolinemaAkun KarirKu Polinema Anda telah dinonaktifkan Admin.Alasan: Catatan uji otomatis.
                    Email ini dikirim otomatis oleh sistem KarirKu Polinema. Mohon tidak membalas email ini.
                 

[2026-10-02 13:49:09] KE: sari.oktaviani@student.polinema.ac.id | SUBJEK: Akun Anda Dinonaktifkan - KarirKu Polinema | (SMTP belum dikonfigurasi, dicatat sebagai log saja)
------------------------------------------------------------

                    KarirKu PolinemaAkun KarirKu Polinema Anda telah dinonaktifkan Admin.Alasan: Catatan uji otomatis.
                    Email ini dikirim otomatis oleh sistem KarirKu Polinema. Mohon tidak membalas email ini.
                 

[2026-10-02 13:49:09] KE: satrio.pratama@student.polinema.ac.id | SUBJEK: Akun Anda Dinonaktifkan - KarirKu Polinema | (SMTP belum dikonfigurasi, dicatat sebagai log saja)
------------------------------------------------------------

                    KarirKu PolinemaAkun KarirKu Polinema Anda telah dinonaktifkan Admin.Alasan: Catatan uji otomatis.
                    Email ini dikirim otomatis oleh sistem KarirKu Polinema. Mohon tidak membalas email ini.
                 

[2026-10-02 13:49:09] KE: siti.nuraini@student.polinema.ac.id | SUBJEK: Akun Anda Dinonaktifkan - KarirKu Polinema | (SMTP belum dikonfigurasi, dicatat sebagai log saja)
------------------------------------------------------------

                    KarirKu PolinemaAkun KarirKu Polinema Anda telah dinonaktifkan Admin.Alasan: Catatan uji otomatis.
                    Email ini dikirim otomatis oleh sistem KarirKu Polinema. Mohon tidak membalas email ini.
                 

[2026-10-02 13:49:09] KE: teguh.firdaus@student.polinema.ac.id | SUBJEK: Akun Anda Dinonaktifkan - KarirKu Polinema | (SMTP belum dikonfigurasi, dicatat sebagai log saja)
------------------------------------------------------------

                    KarirKu PolinemaAkun KarirKu Polinema Anda telah dinonaktifkan Admin.Alasan: Catatan uji otomatis.
                    Email ini dikirim otomatis oleh sistem KarirKu Polinema. Mohon tidak membalas email ini.
                 

[2026-10-02 13:49:09] KE: tiara.rahmawati@student.polinema.ac.id | SUBJEK: Akun Anda Dinonaktifkan - KarirKu Polinema | (SMTP belum dikonfigurasi, dicatat sebagai log saja)
------------------------------------------------------------

                    KarirKu PolinemaAkun KarirKu Polinema Anda telah dinonaktifkan Admin.Alasan: Catatan uji otomatis.
                    Email ini dikirim otomatis oleh sistem KarirKu Polinema. Mohon tidak membalas email ini.
                 

[2026-10-02 13:49:09] KE: vina.oktaviani@student.polinema.ac.id | SUBJEK: Akun Anda Dinonaktifkan - KarirKu Polinema | (SMTP belum dikonfigurasi, dicatat sebagai log saja)
------------------------------------------------------------

                    KarirKu PolinemaAkun KarirKu Polinema Anda telah dinonaktifkan Admin.Alasan: Catatan uji otomatis.
                    Email ini dikirim otomatis oleh sistem KarirKu Polinema. Mohon tidak membalas email ini.
                 

[2026-10-02 13:49:09] KE: wahyu.nugroho@student.polinema.ac.id | SUBJEK: Akun Anda Dinonaktifkan - KarirKu Polinema | (SMTP belum dikonfigurasi, dicatat sebagai log saja)
------------------------------------------------------------

                    KarirKu PolinemaAkun KarirKu Polinema Anda telah dinonaktifkan Admin.Alasan: Catatan uji otomatis.
                    Email ini dikirim otomatis oleh sistem KarirKu Polinema. Mohon tidak membalas email ini.
                 

[2026-10-02 13:49:09] KE: winda.hidayah@student.polinema.ac.id | SUBJEK: Akun Anda Dinonaktifkan - KarirKu Polinema | (SMTP belum dikonfigurasi, dicatat sebagai log saja)
------------------------------------------------------------

                    KarirKu PolinemaAkun KarirKu Polinema Anda telah dinonaktifkan Admin.Alasan: Catatan uji otomatis.
                    Email ini dikirim otomatis oleh sistem KarirKu Polinema. Mohon tidak membalas email ini.
                 

[2026-10-02 13:49:09] KE: yoga.prasetyo@student.polinema.ac.id | SUBJEK: Akun Anda Dinonaktifkan - KarirKu Polinema | (SMTP belum dikonfigurasi, dicatat sebagai log saja)
------------------------------------------------------------

                    KarirKu PolinemaAkun KarirKu Polinema Anda telah dinonaktifkan Admin.Alasan: Catatan uji otomatis.
                    Email ini dikirim otomatis oleh sistem KarirKu Polinema. Mohon tidak membalas email ini.
                 

[2026-10-02 13:49:09] KE: yusuf.santoso@student.polinema.ac.id | SUBJEK: Akun Anda Dinonaktifkan - KarirKu Polinema | (SMTP belum dikonfigurasi, dicatat sebagai log saja)
------------------------------------------------------------

                    KarirKu PolinemaAkun KarirKu Polinema Anda telah dinonaktifkan Admin.Alasan: Catatan uji otomatis.
                    Email ini dikirim otomatis oleh sistem KarirKu Polinema. Mohon tidak membalas email ini.
                 

[2026-10-02 13:49:09] KE: zahra.lestari@student.polinema.ac.id | SUBJEK: Akun Anda Dinonaktifkan - KarirKu Polinema | (SMTP belum dikonfigurasi, dicatat sebagai log saja)
------------------------------------------------------------

                    KarirKu PolinemaAkun KarirKu Polinema Anda telah dinonaktifkan Admin.Alasan: Catatan uji otomatis.
                    Email ini dikirim otomatis oleh sistem KarirKu Polinema. Mohon tidak membalas email ini.
                 

[2026-10-02 13:49:09] KE: hrd@adhikarya.co.id | SUBJEK: Akun Anda Dinonaktifkan - KarirKu Polinema | (SMTP belum dikonfigurasi, dicatat sebagai log saja)
------------------------------------------------------------

                    KarirKu PolinemaAkun KarirKu Polinema Anda telah dinonaktifkan Admin.Alasan: Catatan uji otomatis.
                    Email ini dikirim otomatis oleh sistem KarirKu Polinema. Mohon tidak membalas email ini.
                 

[2026-10-02 13:49:09] KE: hrd@astraotoparts.co.id | SUBJEK: Akun Anda Dinonaktifkan - KarirKu Polinema | (SMTP belum dikonfigurasi, dicatat sebagai log saja)
------------------------------------------------------------

                    KarirKu PolinemaAkun KarirKu Polinema Anda telah dinonaktifkan Admin.Alasan: Catatan uji otomatis.
                    Email ini dikirim otomatis oleh sistem KarirKu Polinema. Mohon tidak membalas email ini.
                 

[2026-10-02 13:49:09] KE: hrd@bankmandiri.co.id | SUBJEK: Akun Anda Dinonaktifkan - KarirKu Polinema | (SMTP belum dikonfigurasi, dicatat sebagai log saja)
------------------------------------------------------------

                    KarirKu PolinemaAkun KarirKu Polinema Anda telah dinonaktifkan Admin.Alasan: Catatan uji otomatis.
                    Email ini dikirim otomatis oleh sistem KarirKu Polinema. Mohon tidak membalas email ini.
                 

[2026-10-02 13:49:10] KE: hrd@barataindonesia.co.id | SUBJEK: Akun Anda Dinonaktifkan - KarirKu Polinema | (SMTP belum dikonfigurasi, dicatat sebagai log saja)
------------------------------------------------------------

                    KarirKu PolinemaAkun KarirKu Polinema Anda telah dinonaktifkan Admin.Alasan: Catatan uji otomatis.
                    Email ini dikirim otomatis oleh sistem KarirKu Polinema. Mohon tidak membalas email ini.
                 

[2026-10-02 13:49:10] KE: hrd@energilistrikmandiri.co.id | SUBJEK: Akun Anda Dinonaktifkan - KarirKu Polinema | (SMTP belum dikonfigurasi, dicatat sebagai log saja)
------------------------------------------------------------

                    KarirKu PolinemaAkun KarirKu Polinema Anda telah dinonaktifkan Admin.Alasan: Catatan uji otomatis.
                    Email ini dikirim otomatis oleh sistem KarirKu Polinema. Mohon tidak membalas email ini.
                 

[2026-10-02 13:49:10] KE: hrd@gudanggaram.co.id | SUBJEK: Akun Anda Dinonaktifkan - KarirKu Polinema | (SMTP belum dikonfigurasi, dicatat sebagai log saja)
------------------------------------------------------------

                    KarirKu PolinemaAkun KarirKu Polinema Anda telah dinonaktifkan Admin.Alasan: Catatan uji otomatis.
                    Email ini dikirim otomatis oleh sistem KarirKu Polinema. Mohon tidak membalas email ini.
                 

[2026-10-02 13:49:10] KE: hrd@karyaabadi.co.id | SUBJEK: Akun Anda Dinonaktifkan - KarirKu Polinema | (SMTP belum dikonfigurasi, dicatat sebagai log saja)
------------------------------------------------------------

                    KarirKu PolinemaAkun KarirKu Polinema Anda telah dinonaktifkan Admin.Alasan: Catatan uji otomatis.
                    Email ini dikirim otomatis oleh sistem KarirKu Polinema. Mohon tidak membalas email ini.
                 

[2026-10-02 13:49:10] KE: hrd@mitraarsipnusantara.co.id | SUBJEK: Akun Anda Dinonaktifkan - KarirKu Polinema | (SMTP belum dikonfigurasi, dicatat sebagai log saja)
------------------------------------------------------------

                    KarirKu PolinemaAkun KarirKu Polinema Anda telah dinonaktifkan Admin.Alasan: Catatan uji otomatis.
                    Email ini dikirim otomatis oleh sistem KarirKu Polinema. Mohon tidak membalas email ini.
                 

[2026-10-02 13:49:10] KE: hrd@mitrasejahtera.co.id | SUBJEK: Akun Anda Dinonaktifkan - KarirKu Polinema | (SMTP belum dikonfigurasi, dicatat sebagai log saja)
------------------------------------------------------------

                    KarirKu PolinemaAkun KarirKu Polinema Anda telah dinonaktifkan Admin.Alasan: Catatan uji otomatis.
                    Email ini dikirim otomatis oleh sistem KarirKu Polinema. Mohon tidak membalas email ini.
                 

[2026-10-02 13:49:10] KE: hrd@nestleindonesia.co.id | SUBJEK: Akun Anda Dinonaktifkan - KarirKu Polinema | (SMTP belum dikonfigurasi, dicatat sebagai log saja)
------------------------------------------------------------

                    KarirKu PolinemaAkun KarirKu Polinema Anda telah dinonaktifkan Admin.Alasan: Catatan uji otomatis.
                    Email ini dikirim otomatis oleh sistem KarirKu Polinema. Mohon tidak membalas email ini.
                 

[2026-10-02 13:49:10] KE: perusahaan@polinema.ac.id | SUBJEK: Akun Anda Dinonaktifkan - KarirKu Polinema | (SMTP belum dikonfigurasi, dicatat sebagai log saja)
------------------------------------------------------------

                    KarirKu PolinemaAkun KarirKu Polinema Anda telah dinonaktifkan Admin.Alasan: Catatan uji otomatis.
                    Email ini dikirim otomatis oleh sistem KarirKu Polinema. Mohon tidak membalas email ini.
                 

[2026-10-02 13:49:10] KE: hrd@nusantarateknologicerd.co.id | SUBJEK: Akun Anda Dinonaktifkan - KarirKu Polinema | (SMTP belum dikonfigurasi, dicatat sebagai log saja)
------------------------------------------------------------

                    KarirKu PolinemaAkun KarirKu Polinema Anda telah dinonaktifkan Admin.Alasan: Catatan uji otomatis.
                    Email ini dikirim otomatis oleh sistem KarirKu Polinema. Mohon tidak membalas email ini.
                 

[2026-10-02 13:49:10] KE: hrd@pertaminapatraniaga.co.id | SUBJEK: Akun Anda Dinonaktifkan - KarirKu Polinema | (SMTP belum dikonfigurasi, dicatat sebagai log saja)
------------------------------------------------------------

                    KarirKu PolinemaAkun KarirKu Polinema Anda telah dinonaktifkan Admin.Alasan: Catatan uji otomatis.
                    Email ini dikirim otomatis oleh sistem KarirKu Polinema. Mohon tidak membalas email ini.
                 

[2026-10-02 13:49:10] KE: hrd@pindad.co.id | SUBJEK: Akun Anda Dinonaktifkan - KarirKu Polinema | (SMTP belum dikonfigurasi, dicatat sebagai log saja)
------------------------------------------------------------

                    KarirKu PolinemaAkun KarirKu Polinema Anda telah dinonaktifkan Admin.Alasan: Catatan uji otomatis.
                    Email ini dikirim otomatis oleh sistem KarirKu Polinema. Mohon tidak membalas email ini.
                 

[2026-10-02 13:49:10] KE: hrd@semenindonesia.co.id | SUBJEK: Akun Anda Dinonaktifkan - KarirKu Polinema | (SMTP belum dikonfigurasi, dicatat sebagai log saja)
------------------------------------------------------------

                    KarirKu PolinemaAkun KarirKu Polinema Anda telah dinonaktifkan Admin.Alasan: Catatan uji otomatis.
                    Email ini dikirim otomatis oleh sistem KarirKu Polinema. Mohon tidak membalas email ini.
                 

[2026-10-02 13:49:10] KE: hrd@sinergidatanusantara.co.id | SUBJEK: Akun Anda Dinonaktifkan - KarirKu Polinema | (SMTP belum dikonfigurasi, dicatat sebagai log saja)
------------------------------------------------------------

                    KarirKu PolinemaAkun KarirKu Polinema Anda telah dinonaktifkan Admin.Alasan: Catatan uji otomatis.
                    Email ini dikirim otomatis oleh sistem KarirKu Polinema. Mohon tidak membalas email ini.
                 

[2026-10-02 13:49:10] KE: hrd@telkomindonesia.co.id | SUBJEK: Akun Anda Dinonaktifkan - KarirKu Polinema | (SMTP belum dikonfigurasi, dicatat sebagai log saja)
------------------------------------------------------------

                    KarirKu PolinemaAkun KarirKu Polinema Anda telah dinonaktifkan Admin.Alasan: Catatan uji otomatis.
                    Email ini dikirim otomatis oleh sistem KarirKu Polinema. Mohon tidak membalas email ini.
                 

[2026-10-02 13:49:10] KE: hrd@wilmarnabatiindonesia.co.id | SUBJEK: Akun Anda Dinonaktifkan - KarirKu Polinema | (SMTP belum dikonfigurasi, dicatat sebagai log saja)
------------------------------------------------------------

                    KarirKu PolinemaAkun KarirKu Polinema Anda telah dinonaktifkan Admin.Alasan: Catatan uji otomatis.
                    Email ini dikirim otomatis oleh sistem KarirKu Polinema. Mohon tidak membalas email ini.
                 

[2026-10-02 13:51:07] KE: calon.mahasiswa@student.polinema.ac.id | SUBJEK: [KarirKu] Data pendaftaran Anda perlu diperbaiki | (SMTP belum dikonfigurasi, dicatat sebagai log saja)
------------------------------------------------------------

                    KarirKu PolinemaAdmin menemukan data atau dokumen yang perlu diperbaiki.Catatan Admin: Mohon lengkapi berkas.
                    Email ini dikirim otomatis oleh sistem KarirKu Polinema. Mohon tidak membalas email ini.
                 

[2026-10-02 13:51:07] KE: mahasiswa@polinema.ac.id | SUBJEK: Akun Anda Diaktifkan Kembali - KarirKu Polinema | (SMTP belum dikonfigurasi, dicatat sebagai log saja)
------------------------------------------------------------

                    KarirKu PolinemaAkun KarirKu Polinema Anda telah diaktifkan kembali. Silakan masuk seperti biasa.
                    Email ini dikirim otomatis oleh sistem KarirKu Polinema. Mohon tidak membalas email ini.
                 

[2026-10-02 13:52:44] KE: calon.mahasiswa@student.polinema.ac.id | SUBJEK: [KarirKu] Data pendaftaran Anda perlu diperbaiki | (SMTP belum dikonfigurasi, dicatat sebagai log saja)
------------------------------------------------------------

                    KarirKu PolinemaAdmin menemukan data atau dokumen yang perlu diperbaiki.Catatan Admin: Mohon lengkapi berkas.
                    Email ini dikirim otomatis oleh sistem KarirKu Polinema. Mohon tidak membalas email ini.
                 

[2026-10-02 13:52:44] KE: mahasiswa@polinema.ac.id | SUBJEK: Akun Anda Diaktifkan Kembali - KarirKu Polinema | (SMTP belum dikonfigurasi, dicatat sebagai log saja)
------------------------------------------------------------

                    KarirKu PolinemaAkun KarirKu Polinema Anda telah diaktifkan kembali. Silakan masuk seperti biasa.
                    Email ini dikirim otomatis oleh sistem KarirKu Polinema. Mohon tidak membalas email ini.
                 

[2026-10-02 13:52:46] KE: ahmad.pratama@student.polinema.ac.id | SUBJEK: Akun Anda Dinonaktifkan - KarirKu Polinema | (SMTP belum dikonfigurasi, dicatat sebagai log saja)
------------------------------------------------------------

                    KarirKu PolinemaAkun KarirKu Polinema Anda telah dinonaktifkan Admin.Alasan: Catatan uji otomatis.
                    Email ini dikirim otomatis oleh sistem KarirKu Polinema. Mohon tidak membalas email ini.
                 

[2026-10-02 13:52:46] KE: alfian.ramadhan@student.polinema.ac.id | SUBJEK: Akun Anda Dinonaktifkan - KarirKu Polinema | (SMTP belum dikonfigurasi, dicatat sebagai log saja)
------------------------------------------------------------

                    KarirKu PolinemaAkun KarirKu Polinema Anda telah dinonaktifkan Admin.Alasan: Catatan uji otomatis.
                    Email ini dikirim otomatis oleh sistem KarirKu Polinema. Mohon tidak membalas email ini.
                 

[2026-10-02 13:52:46] KE: anisa.handayani@student.polinema.ac.id | SUBJEK: Akun Anda Dinonaktifkan - KarirKu Polinema | (SMTP belum dikonfigurasi, dicatat sebagai log saja)
------------------------------------------------------------

                    KarirKu PolinemaAkun KarirKu Polinema Anda telah dinonaktifkan Admin.Alasan: Catatan uji otomatis.
                    Email ini dikirim otomatis oleh sistem KarirKu Polinema. Mohon tidak membalas email ini.
                 

[2026-10-02 13:52:46] KE: arif.setiawan@student.polinema.ac.id | SUBJEK: Akun Anda Dinonaktifkan - KarirKu Polinema | (SMTP belum dikonfigurasi, dicatat sebagai log saja)
------------------------------------------------------------

                    KarirKu PolinemaAkun KarirKu Polinema Anda telah dinonaktifkan Admin.Alasan: Catatan uji otomatis.
                    Email ini dikirim otomatis oleh sistem KarirKu Polinema. Mohon tidak membalas email ini.
                 

[2026-10-02 13:52:46] KE: ayu.anggraini@student.polinema.ac.id | SUBJEK: Akun Anda Dinonaktifkan - KarirKu Polinema | (SMTP belum dikonfigurasi, dicatat sebagai log saja)
------------------------------------------------------------

                    KarirKu PolinemaAkun KarirKu Polinema Anda telah dinonaktifkan Admin.Alasan: Catatan uji otomatis.
                    Email ini dikirim otomatis oleh sistem KarirKu Polinema. Mohon tidak membalas email ini.
                 

[2026-10-02 13:52:46] KE: bagus.wicaksono@student.polinema.ac.id | SUBJEK: Akun Anda Dinonaktifkan - KarirKu Polinema | (SMTP belum dikonfigurasi, dicatat sebagai log saja)
------------------------------------------------------------

                    KarirKu PolinemaAkun KarirKu Polinema Anda telah dinonaktifkan Admin.Alasan: Catatan uji otomatis.
                    Email ini dikirim otomatis oleh sistem KarirKu Polinema. Mohon tidak membalas email ini.
                 

[2026-10-02 13:52:46] KE: bayu.gunawan@student.polinema.ac.id | SUBJEK: Akun Anda Dinonaktifkan - KarirKu Polinema | (SMTP belum dikonfigurasi, dicatat sebagai log saja)
------------------------------------------------------------

                    KarirKu PolinemaAkun KarirKu Polinema Anda telah dinonaktifkan Admin.Alasan: Catatan uji otomatis.
                    Email ini dikirim otomatis oleh sistem KarirKu Polinema. Mohon tidak membalas email ini.
                 

[2026-10-02 13:52:46] KE: bima.wijaya@student.polinema.ac.id | SUBJEK: Akun Anda Dinonaktifkan - KarirKu Polinema | (SMTP belum dikonfigurasi, dicatat sebagai log saja)
------------------------------------------------------------

                    KarirKu PolinemaAkun KarirKu Polinema Anda telah dinonaktifkan Admin.Alasan: Catatan uji otomatis.
                    Email ini dikirim otomatis oleh sistem KarirKu Polinema. Mohon tidak membalas email ini.
                 

[2026-10-02 13:52:46] KE: mahasiswa@polinema.ac.id | SUBJEK: Akun Anda Dinonaktifkan - KarirKu Polinema | (SMTP belum dikonfigurasi, dicatat sebagai log saja)
------------------------------------------------------------

                    KarirKu PolinemaAkun KarirKu Polinema Anda telah dinonaktifkan Admin.Alasan: Catatan uji otomatis.
                    Email ini dikirim otomatis oleh sistem KarirKu Polinema. Mohon tidak membalas email ini.
                 

[2026-10-02 13:52:46] KE: candra.wicaksono@student.polinema.ac.id | SUBJEK: Akun Anda Dinonaktifkan - KarirKu Polinema | (SMTP belum dikonfigurasi, dicatat sebagai log saja)
------------------------------------------------------------

                    KarirKu PolinemaAkun KarirKu Polinema Anda telah dinonaktifkan Admin.Alasan: Catatan uji otomatis.
                    Email ini dikirim otomatis oleh sistem KarirKu Polinema. Mohon tidak membalas email ini.
                 

[2026-10-02 13:52:46] KE: dani.prasetyo@student.polinema.ac.id | SUBJEK: Akun Anda Dinonaktifkan - KarirKu Polinema | (SMTP belum dikonfigurasi, dicatat sebagai log saja)
------------------------------------------------------------

                    KarirKu PolinemaAkun KarirKu Polinema Anda telah dinonaktifkan Admin.Alasan: Catatan uji otomatis.
                    Email ini dikirim otomatis oleh sistem KarirKu Polinema. Mohon tidak membalas email ini.
                 

[2026-10-02 13:52:46] KE: dewi.lestari@student.polinema.ac.id | SUBJEK: Akun Anda Dinonaktifkan - KarirKu Polinema | (SMTP belum dikonfigurasi, dicatat sebagai log saja)
------------------------------------------------------------

                    KarirKu PolinemaAkun KarirKu Polinema Anda telah dinonaktifkan Admin.Alasan: Catatan uji otomatis.
                    Email ini dikirim otomatis oleh sistem KarirKu Polinema. Mohon tidak membalas email ini.
                 

[2026-10-02 13:52:46] KE: diah.puspita@student.polinema.ac.id | SUBJEK: Akun Anda Dinonaktifkan - KarirKu Polinema | (SMTP belum dikonfigurasi, dicatat sebagai log saja)
------------------------------------------------------------

                    KarirKu PolinemaAkun KarirKu Polinema Anda telah dinonaktifkan Admin.Alasan: Catatan uji otomatis.
                    Email ini dikirim otomatis oleh sistem KarirKu Polinema. Mohon tidak membalas email ini.
                 

[2026-10-02 13:52:46] KE: dimas.santoso@student.polinema.ac.id | SUBJEK: Akun Anda Dinonaktifkan - KarirKu Polinema | (SMTP belum dikonfigurasi, dicatat sebagai log saja)
------------------------------------------------------------

                    KarirKu PolinemaAkun KarirKu Polinema Anda telah dinonaktifkan Admin.Alasan: Catatan uji otomatis.
                    Email ini dikirim otomatis oleh sistem KarirKu Polinema. Mohon tidak membalas email ini.
                 

[2026-10-02 13:52:46] KE: eko.purnomo@student.polinema.ac.id | SUBJEK: Akun Anda Dinonaktifkan - KarirKu Polinema | (SMTP belum dikonfigurasi, dicatat sebagai log saja)
------------------------------------------------------------

                    KarirKu PolinemaAkun KarirKu Polinema Anda telah dinonaktifkan Admin.Alasan: Catatan uji otomatis.
                    Email ini dikirim otomatis oleh sistem KarirKu Polinema. Mohon tidak membalas email ini.
                 

[2026-10-02 13:52:46] KE: fajar.ramadhan@student.polinema.ac.id | SUBJEK: Akun Anda Dinonaktifkan - KarirKu Polinema | (SMTP belum dikonfigurasi, dicatat sebagai log saja)
------------------------------------------------------------

                    KarirKu PolinemaAkun KarirKu Polinema Anda telah dinonaktifkan Admin.Alasan: Catatan uji otomatis.
                    Email ini dikirim otomatis oleh sistem KarirKu Polinema. Mohon tidak membalas email ini.
                 

[2026-10-02 13:52:46] KE: fitri.khoirunnisa@student.polinema.ac.id | SUBJEK: Akun Anda Dinonaktifkan - KarirKu Polinema | (SMTP belum dikonfigurasi, dicatat sebagai log saja)
------------------------------------------------------------

                    KarirKu PolinemaAkun KarirKu Polinema Anda telah dinonaktifkan Admin.Alasan: Catatan uji otomatis.
                    Email ini dikirim otomatis oleh sistem KarirKu Polinema. Mohon tidak membalas email ini.
                 

[2026-10-02 13:52:46] KE: galih.hartono@student.polinema.ac.id | SUBJEK: Akun Anda Dinonaktifkan - KarirKu Polinema | (SMTP belum dikonfigurasi, dicatat sebagai log saja)
------------------------------------------------------------

                    KarirKu PolinemaAkun KarirKu Polinema Anda telah dinonaktifkan Admin.Alasan: Catatan uji otomatis.
                    Email ini dikirim otomatis oleh sistem KarirKu Polinema. Mohon tidak membalas email ini.
                 

[2026-10-02 13:52:46] KE: gilang.saputra@student.polinema.ac.id | SUBJEK: Akun Anda Dinonaktifkan - KarirKu Polinema | (SMTP belum dikonfigurasi, dicatat sebagai log saja)
------------------------------------------------------------

                    KarirKu PolinemaAkun KarirKu Polinema Anda telah dinonaktifkan Admin.Alasan: Catatan uji otomatis.
                    Email ini dikirim otomatis oleh sistem KarirKu Polinema. Mohon tidak membalas email ini.
                 

[2026-10-02 13:52:46] KE: hafiz.setiawan@student.polinema.ac.id | SUBJEK: Akun Anda Dinonaktifkan - KarirKu Polinema | (SMTP belum dikonfigurasi, dicatat sebagai log saja)
------------------------------------------------------------

                    KarirKu PolinemaAkun KarirKu Polinema Anda telah dinonaktifkan Admin.Alasan: Catatan uji otomatis.
                    Email ini dikirim otomatis oleh sistem KarirKu Polinema. Mohon tidak membalas email ini.
                 

[2026-10-02 13:52:46] KE: hendra.wijaya@student.polinema.ac.id | SUBJEK: Akun Anda Dinonaktifkan - KarirKu Polinema | (SMTP belum dikonfigurasi, dicatat sebagai log saja)
------------------------------------------------------------

                    KarirKu PolinemaAkun KarirKu Polinema Anda telah dinonaktifkan Admin.Alasan: Catatan uji otomatis.
                    Email ini dikirim otomatis oleh sistem KarirKu Polinema. Mohon tidak membalas email ini.
                 

[2026-10-02 13:52:46] KE: intan.permata@student.polinema.ac.id | SUBJEK: Akun Anda Dinonaktifkan - KarirKu Polinema | (SMTP belum dikonfigurasi, dicatat sebagai log saja)
------------------------------------------------------------

                    KarirKu PolinemaAkun KarirKu Polinema Anda telah dinonaktifkan Admin.Alasan: Catatan uji otomatis.
                    Email ini dikirim otomatis oleh sistem KarirKu Polinema. Mohon tidak membalas email ini.
                 

[2026-10-02 13:52:46] KE: irfan.mahendra@student.polinema.ac.id | SUBJEK: Akun Anda Dinonaktifkan - KarirKu Polinema | (SMTP belum dikonfigurasi, dicatat sebagai log saja)
------------------------------------------------------------

                    KarirKu PolinemaAkun KarirKu Polinema Anda telah dinonaktifkan Admin.Alasan: Catatan uji otomatis.
                    Email ini dikirim otomatis oleh sistem KarirKu Polinema. Mohon tidak membalas email ini.
                 

[2026-10-02 13:52:46] KE: kirana.maharani@student.polinema.ac.id | SUBJEK: Akun Anda Dinonaktifkan - KarirKu Polinema | (SMTP belum dikonfigurasi, dicatat sebagai log saja)
------------------------------------------------------------

                    KarirKu PolinemaAkun KarirKu Polinema Anda telah dinonaktifkan Admin.Alasan: Catatan uji otomatis.
                    Email ini dikirim otomatis oleh sistem KarirKu Polinema. Mohon tidak membalas email ini.
                 

[2026-10-02 13:52:46] KE: laila.rahmawati@student.polinema.ac.id | SUBJEK: Akun Anda Dinonaktifkan - KarirKu Polinema | (SMTP belum dikonfigurasi, dicatat sebagai log saja)
------------------------------------------------------------

                    KarirKu PolinemaAkun KarirKu Polinema Anda telah dinonaktifkan Admin.Alasan: Catatan uji otomatis.
                    Email ini dikirim otomatis oleh sistem KarirKu Polinema. Mohon tidak membalas email ini.
                 

[2026-10-02 13:52:46] KE: lintang.nuraini@student.polinema.ac.id | SUBJEK: Akun Anda Dinonaktifkan - KarirKu Polinema | (SMTP belum dikonfigurasi, dicatat sebagai log saja)
------------------------------------------------------------

                    KarirKu PolinemaAkun KarirKu Polinema Anda telah dinonaktifkan Admin.Alasan: Catatan uji otomatis.
                    Email ini dikirim otomatis oleh sistem KarirKu Polinema. Mohon tidak membalas email ini.
                 

[2026-10-02 13:52:46] KE: maya.wulandari@student.polinema.ac.id | SUBJEK: Akun Anda Dinonaktifkan - KarirKu Polinema | (SMTP belum dikonfigurasi, dicatat sebagai log saja)
------------------------------------------------------------

                    KarirKu PolinemaAkun KarirKu Polinema Anda telah dinonaktifkan Admin.Alasan: Catatan uji otomatis.
                    Email ini dikirim otomatis oleh sistem KarirKu Polinema. Mohon tidak membalas email ini.
                 

[2026-10-02 13:52:46] KE: mega.maharani@student.polinema.ac.id | SUBJEK: Akun Anda Dinonaktifkan - KarirKu Polinema | (SMTP belum dikonfigurasi, dicatat sebagai log saja)
------------------------------------------------------------

                    KarirKu PolinemaAkun KarirKu Polinema Anda telah dinonaktifkan Admin.Alasan: Catatan uji otomatis.
                    Email ini dikirim otomatis oleh sistem KarirKu Polinema. Mohon tidak membalas email ini.
                 

[2026-10-02 13:52:46] KE: melati.anggraini@student.polinema.ac.id | SUBJEK: Akun Anda Dinonaktifkan - KarirKu Polinema | (SMTP belum dikonfigurasi, dicatat sebagai log saja)
------------------------------------------------------------

                    KarirKu PolinemaAkun KarirKu Polinema Anda telah dinonaktifkan Admin.Alasan: Catatan uji otomatis.
                    Email ini dikirim otomatis oleh sistem KarirKu Polinema. Mohon tidak membalas email ini.
                 

[2026-10-02 13:52:46] KE: calon.mahasiswa@student.polinema.ac.id | SUBJEK: Akun Anda Dinonaktifkan - KarirKu Polinema | (SMTP belum dikonfigurasi, dicatat sebagai log saja)
------------------------------------------------------------

                    KarirKu PolinemaAkun KarirKu Polinema Anda telah dinonaktifkan Admin.Alasan: Catatan uji otomatis.
                    Email ini dikirim otomatis oleh sistem KarirKu Polinema. Mohon tidak membalas email ini.
                 

[2026-10-02 13:52:46] KE: novi.andini@student.polinema.ac.id | SUBJEK: Akun Anda Dinonaktifkan - KarirKu Polinema | (SMTP belum dikonfigurasi, dicatat sebagai log saja)
------------------------------------------------------------

                    KarirKu PolinemaAkun KarirKu Polinema Anda telah dinonaktifkan Admin.Alasan: Catatan uji otomatis.
                    Email ini dikirim otomatis oleh sistem KarirKu Polinema. Mohon tidak membalas email ini.
                 

[2026-10-02 13:52:46] KE: nur.hidayah@student.polinema.ac.id | SUBJEK: Akun Anda Dinonaktifkan - KarirKu Polinema | (SMTP belum dikonfigurasi, dicatat sebagai log saja)
------------------------------------------------------------

                    KarirKu PolinemaAkun KarirKu Polinema Anda telah dinonaktifkan Admin.Alasan: Catatan uji otomatis.
                    Email ini dikirim otomatis oleh sistem KarirKu Polinema. Mohon tidak membalas email ini.
                 

[2026-10-02 13:52:46] KE: panji.firdaus@student.polinema.ac.id | SUBJEK: Akun Anda Dinonaktifkan - KarirKu Polinema | (SMTP belum dikonfigurasi, dicatat sebagai log saja)
------------------------------------------------------------

                    KarirKu PolinemaAkun KarirKu Polinema Anda telah dinonaktifkan Admin.Alasan: Catatan uji otomatis.
                    Email ini dikirim otomatis oleh sistem KarirKu Polinema. Mohon tidak membalas email ini.
                 

[2026-10-02 13:52:46] KE: putri.safitri@student.polinema.ac.id | SUBJEK: Akun Anda Dinonaktifkan - KarirKu Polinema | (SMTP belum dikonfigurasi, dicatat sebagai log saja)
------------------------------------------------------------

                    KarirKu PolinemaAkun KarirKu Polinema Anda telah dinonaktifkan Admin.Alasan: Catatan uji otomatis.
                    Email ini dikirim otomatis oleh sistem KarirKu Polinema. Mohon tidak membalas email ini.
                 

[2026-10-02 13:52:46] KE: rahma.permata@student.polinema.ac.id | SUBJEK: Akun Anda Dinonaktifkan - KarirKu Polinema | (SMTP belum dikonfigurasi, dicatat sebagai log saja)
------------------------------------------------------------

                    KarirKu PolinemaAkun KarirKu Polinema Anda telah dinonaktifkan Admin.Alasan: Catatan uji otomatis.
                    Email ini dikirim otomatis oleh sistem KarirKu Polinema. Mohon tidak membalas email ini.
                 

[2026-10-02 13:52:46] KE: rangga.nugroho@student.polinema.ac.id | SUBJEK: Akun Anda Dinonaktifkan - KarirKu Polinema | (SMTP belum dikonfigurasi, dicatat sebagai log saja)
------------------------------------------------------------

                    KarirKu PolinemaAkun KarirKu Polinema Anda telah dinonaktifkan Admin.Alasan: Catatan uji otomatis.
                    Email ini dikirim otomatis oleh sistem KarirKu Polinema. Mohon tidak membalas email ini.
                 

[2026-10-02 13:52:46] KE: ratna.safitri@student.polinema.ac.id | SUBJEK: Akun Anda Dinonaktifkan - KarirKu Polinema | (SMTP belum dikonfigurasi, dicatat sebagai log saja)
------------------------------------------------------------

                    KarirKu PolinemaAkun KarirKu Polinema Anda telah dinonaktifkan Admin.Alasan: Catatan uji otomatis.
                    Email ini dikirim otomatis oleh sistem KarirKu Polinema. Mohon tidak membalas email ini.
                 

[2026-10-02 13:52:46] KE: reza.siregar@student.polinema.ac.id | SUBJEK: Akun Anda Dinonaktifkan - KarirKu Polinema | (SMTP belum dikonfigurasi, dicatat sebagai log saja)
------------------------------------------------------------

                    KarirKu PolinemaAkun KarirKu Polinema Anda telah dinonaktifkan Admin.Alasan: Catatan uji otomatis.
                    Email ini dikirim otomatis oleh sistem KarirKu Polinema. Mohon tidak membalas email ini.
                 

[2026-10-02 13:52:46] KE: rina.kusuma@student.polinema.ac.id | SUBJEK: Akun Anda Dinonaktifkan - KarirKu Polinema | (SMTP belum dikonfigurasi, dicatat sebagai log saja)
------------------------------------------------------------

                    KarirKu PolinemaAkun KarirKu Polinema Anda telah dinonaktifkan Admin.Alasan: Catatan uji otomatis.
                    Email ini dikirim otomatis oleh sistem KarirKu Polinema. Mohon tidak membalas email ini.
                 

[2026-10-02 13:52:46] KE: rizky.saputra@student.polinema.ac.id | SUBJEK: Akun Anda Dinonaktifkan - KarirKu Polinema | (SMTP belum dikonfigurasi, dicatat sebagai log saja)
------------------------------------------------------------

                    KarirKu PolinemaAkun KarirKu Polinema Anda telah dinonaktifkan Admin.Alasan: Catatan uji otomatis.
                    Email ini dikirim otomatis oleh sistem KarirKu Polinema. Mohon tidak membalas email ini.
                 

[2026-10-02 13:52:46] KE: salsa.kusuma@student.polinema.ac.id | SUBJEK: Akun Anda Dinonaktifkan - KarirKu Polinema | (SMTP belum dikonfigurasi, dicatat sebagai log saja)
------------------------------------------------------------

                    KarirKu PolinemaAkun KarirKu Polinema Anda telah dinonaktifkan Admin.Alasan: Catatan uji otomatis.
                    Email ini dikirim otomatis oleh sistem KarirKu Polinema. Mohon tidak membalas email ini.
                 

[2026-10-02 13:52:46] KE: sari.oktaviani@student.polinema.ac.id | SUBJEK: Akun Anda Dinonaktifkan - KarirKu Polinema | (SMTP belum dikonfigurasi, dicatat sebagai log saja)
------------------------------------------------------------

                    KarirKu PolinemaAkun KarirKu Polinema Anda telah dinonaktifkan Admin.Alasan: Catatan uji otomatis.
                    Email ini dikirim otomatis oleh sistem KarirKu Polinema. Mohon tidak membalas email ini.
                 

[2026-10-02 13:52:46] KE: satrio.pratama@student.polinema.ac.id | SUBJEK: Akun Anda Dinonaktifkan - KarirKu Polinema | (SMTP belum dikonfigurasi, dicatat sebagai log saja)
------------------------------------------------------------

                    KarirKu PolinemaAkun KarirKu Polinema Anda telah dinonaktifkan Admin.Alasan: Catatan uji otomatis.
                    Email ini dikirim otomatis oleh sistem KarirKu Polinema. Mohon tidak membalas email ini.
                 

[2026-10-02 13:52:46] KE: siti.nuraini@student.polinema.ac.id | SUBJEK: Akun Anda Dinonaktifkan - KarirKu Polinema | (SMTP belum dikonfigurasi, dicatat sebagai log saja)
------------------------------------------------------------

                    KarirKu PolinemaAkun KarirKu Polinema Anda telah dinonaktifkan Admin.Alasan: Catatan uji otomatis.
                    Email ini dikirim otomatis oleh sistem KarirKu Polinema. Mohon tidak membalas email ini.
                 

[2026-10-02 13:52:46] KE: teguh.firdaus@student.polinema.ac.id | SUBJEK: Akun Anda Dinonaktifkan - KarirKu Polinema | (SMTP belum dikonfigurasi, dicatat sebagai log saja)
------------------------------------------------------------

                    KarirKu PolinemaAkun KarirKu Polinema Anda telah dinonaktifkan Admin.Alasan: Catatan uji otomatis.
                    Email ini dikirim otomatis oleh sistem KarirKu Polinema. Mohon tidak membalas email ini.
                 

[2026-10-02 13:52:46] KE: tiara.rahmawati@student.polinema.ac.id | SUBJEK: Akun Anda Dinonaktifkan - KarirKu Polinema | (SMTP belum dikonfigurasi, dicatat sebagai log saja)
------------------------------------------------------------

                    KarirKu PolinemaAkun KarirKu Polinema Anda telah dinonaktifkan Admin.Alasan: Catatan uji otomatis.
                    Email ini dikirim otomatis oleh sistem KarirKu Polinema. Mohon tidak membalas email ini.
                 

[2026-10-02 13:52:46] KE: vina.oktaviani@student.polinema.ac.id | SUBJEK: Akun Anda Dinonaktifkan - KarirKu Polinema | (SMTP belum dikonfigurasi, dicatat sebagai log saja)
------------------------------------------------------------

                    KarirKu PolinemaAkun KarirKu Polinema Anda telah dinonaktifkan Admin.Alasan: Catatan uji otomatis.
                    Email ini dikirim otomatis oleh sistem KarirKu Polinema. Mohon tidak membalas email ini.
                 

[2026-10-02 13:52:46] KE: wahyu.nugroho@student.polinema.ac.id | SUBJEK: Akun Anda Dinonaktifkan - KarirKu Polinema | (SMTP belum dikonfigurasi, dicatat sebagai log saja)
------------------------------------------------------------

                    KarirKu PolinemaAkun KarirKu Polinema Anda telah dinonaktifkan Admin.Alasan: Catatan uji otomatis.
                    Email ini dikirim otomatis oleh sistem KarirKu Polinema. Mohon tidak membalas email ini.
                 

[2026-10-02 13:52:46] KE: winda.hidayah@student.polinema.ac.id | SUBJEK: Akun Anda Dinonaktifkan - KarirKu Polinema | (SMTP belum dikonfigurasi, dicatat sebagai log saja)
------------------------------------------------------------

                    KarirKu PolinemaAkun KarirKu Polinema Anda telah dinonaktifkan Admin.Alasan: Catatan uji otomatis.
                    Email ini dikirim otomatis oleh sistem KarirKu Polinema. Mohon tidak membalas email ini.
                 

[2026-10-02 13:52:46] KE: yoga.prasetyo@student.polinema.ac.id | SUBJEK: Akun Anda Dinonaktifkan - KarirKu Polinema | (SMTP belum dikonfigurasi, dicatat sebagai log saja)
------------------------------------------------------------

                    KarirKu PolinemaAkun KarirKu Polinema Anda telah dinonaktifkan Admin.Alasan: Catatan uji otomatis.
                    Email ini dikirim otomatis oleh sistem KarirKu Polinema. Mohon tidak membalas email ini.
                 

[2026-10-02 13:52:46] KE: yusuf.santoso@student.polinema.ac.id | SUBJEK: Akun Anda Dinonaktifkan - KarirKu Polinema | (SMTP belum dikonfigurasi, dicatat sebagai log saja)
------------------------------------------------------------

                    KarirKu PolinemaAkun KarirKu Polinema Anda telah dinonaktifkan Admin.Alasan: Catatan uji otomatis.
                    Email ini dikirim otomatis oleh sistem KarirKu Polinema. Mohon tidak membalas email ini.
                 

[2026-10-02 13:52:46] KE: zahra.lestari@student.polinema.ac.id | SUBJEK: Akun Anda Dinonaktifkan - KarirKu Polinema | (SMTP belum dikonfigurasi, dicatat sebagai log saja)
------------------------------------------------------------

                    KarirKu PolinemaAkun KarirKu Polinema Anda telah dinonaktifkan Admin.Alasan: Catatan uji otomatis.
                    Email ini dikirim otomatis oleh sistem KarirKu Polinema. Mohon tidak membalas email ini.
                 

[2026-10-02 13:52:46] KE: hrd@adhikarya.co.id | SUBJEK: Akun Anda Dinonaktifkan - KarirKu Polinema | (SMTP belum dikonfigurasi, dicatat sebagai log saja)
------------------------------------------------------------

                    KarirKu PolinemaAkun KarirKu Polinema Anda telah dinonaktifkan Admin.Alasan: Catatan uji otomatis.
                    Email ini dikirim otomatis oleh sistem KarirKu Polinema. Mohon tidak membalas email ini.
                 

[2026-10-02 13:52:46] KE: hrd@astraotoparts.co.id | SUBJEK: Akun Anda Dinonaktifkan - KarirKu Polinema | (SMTP belum dikonfigurasi, dicatat sebagai log saja)
------------------------------------------------------------

                    KarirKu PolinemaAkun KarirKu Polinema Anda telah dinonaktifkan Admin.Alasan: Catatan uji otomatis.
                    Email ini dikirim otomatis oleh sistem KarirKu Polinema. Mohon tidak membalas email ini.
                 

[2026-10-02 13:52:46] KE: hrd@bankmandiri.co.id | SUBJEK: Akun Anda Dinonaktifkan - KarirKu Polinema | (SMTP belum dikonfigurasi, dicatat sebagai log saja)
------------------------------------------------------------

                    KarirKu PolinemaAkun KarirKu Polinema Anda telah dinonaktifkan Admin.Alasan: Catatan uji otomatis.
                    Email ini dikirim otomatis oleh sistem KarirKu Polinema. Mohon tidak membalas email ini.
                 

[2026-10-02 13:52:46] KE: hrd@barataindonesia.co.id | SUBJEK: Akun Anda Dinonaktifkan - KarirKu Polinema | (SMTP belum dikonfigurasi, dicatat sebagai log saja)
------------------------------------------------------------

                    KarirKu PolinemaAkun KarirKu Polinema Anda telah dinonaktifkan Admin.Alasan: Catatan uji otomatis.
                    Email ini dikirim otomatis oleh sistem KarirKu Polinema. Mohon tidak membalas email ini.
                 

[2026-10-02 13:52:46] KE: hrd@energilistrikmandiri.co.id | SUBJEK: Akun Anda Dinonaktifkan - KarirKu Polinema | (SMTP belum dikonfigurasi, dicatat sebagai log saja)
------------------------------------------------------------

                    KarirKu PolinemaAkun KarirKu Polinema Anda telah dinonaktifkan Admin.Alasan: Catatan uji otomatis.
                    Email ini dikirim otomatis oleh sistem KarirKu Polinema. Mohon tidak membalas email ini.
                 

[2026-10-02 13:52:46] KE: hrd@gudanggaram.co.id | SUBJEK: Akun Anda Dinonaktifkan - KarirKu Polinema | (SMTP belum dikonfigurasi, dicatat sebagai log saja)
------------------------------------------------------------

                    KarirKu PolinemaAkun KarirKu Polinema Anda telah dinonaktifkan Admin.Alasan: Catatan uji otomatis.
                    Email ini dikirim otomatis oleh sistem KarirKu Polinema. Mohon tidak membalas email ini.
                 

[2026-10-02 13:52:46] KE: hrd@karyaabadi.co.id | SUBJEK: Akun Anda Dinonaktifkan - KarirKu Polinema | (SMTP belum dikonfigurasi, dicatat sebagai log saja)
------------------------------------------------------------

                    KarirKu PolinemaAkun KarirKu Polinema Anda telah dinonaktifkan Admin.Alasan: Catatan uji otomatis.
                    Email ini dikirim otomatis oleh sistem KarirKu Polinema. Mohon tidak membalas email ini.
                 

[2026-10-02 13:52:46] KE: hrd@mitraarsipnusantara.co.id | SUBJEK: Akun Anda Dinonaktifkan - KarirKu Polinema | (SMTP belum dikonfigurasi, dicatat sebagai log saja)
------------------------------------------------------------

                    KarirKu PolinemaAkun KarirKu Polinema Anda telah dinonaktifkan Admin.Alasan: Catatan uji otomatis.
                    Email ini dikirim otomatis oleh sistem KarirKu Polinema. Mohon tidak membalas email ini.
                 

[2026-10-02 13:52:46] KE: hrd@mitrasejahtera.co.id | SUBJEK: Akun Anda Dinonaktifkan - KarirKu Polinema | (SMTP belum dikonfigurasi, dicatat sebagai log saja)
------------------------------------------------------------

                    KarirKu PolinemaAkun KarirKu Polinema Anda telah dinonaktifkan Admin.Alasan: Catatan uji otomatis.
                    Email ini dikirim otomatis oleh sistem KarirKu Polinema. Mohon tidak membalas email ini.
                 

[2026-10-02 13:52:46] KE: hrd@nestleindonesia.co.id | SUBJEK: Akun Anda Dinonaktifkan - KarirKu Polinema | (SMTP belum dikonfigurasi, dicatat sebagai log saja)
------------------------------------------------------------

                    KarirKu PolinemaAkun KarirKu Polinema Anda telah dinonaktifkan Admin.Alasan: Catatan uji otomatis.
                    Email ini dikirim otomatis oleh sistem KarirKu Polinema. Mohon tidak membalas email ini.
                 

[2026-10-02 13:52:46] KE: perusahaan@polinema.ac.id | SUBJEK: Akun Anda Dinonaktifkan - KarirKu Polinema | (SMTP belum dikonfigurasi, dicatat sebagai log saja)
------------------------------------------------------------

                    KarirKu PolinemaAkun KarirKu Polinema Anda telah dinonaktifkan Admin.Alasan: Catatan uji otomatis.
                    Email ini dikirim otomatis oleh sistem KarirKu Polinema. Mohon tidak membalas email ini.
                 

[2026-10-02 13:52:46] KE: hrd@nusantarateknologicerd.co.id | SUBJEK: Akun Anda Dinonaktifkan - KarirKu Polinema | (SMTP belum dikonfigurasi, dicatat sebagai log saja)
------------------------------------------------------------

                    KarirKu PolinemaAkun KarirKu Polinema Anda telah dinonaktifkan Admin.Alasan: Catatan uji otomatis.
                    Email ini dikirim otomatis oleh sistem KarirKu Polinema. Mohon tidak membalas email ini.
                 

[2026-10-02 13:52:46] KE: hrd@pertaminapatraniaga.co.id | SUBJEK: Akun Anda Dinonaktifkan - KarirKu Polinema | (SMTP belum dikonfigurasi, dicatat sebagai log saja)
------------------------------------------------------------

                    KarirKu PolinemaAkun KarirKu Polinema Anda telah dinonaktifkan Admin.Alasan: Catatan uji otomatis.
                    Email ini dikirim otomatis oleh sistem KarirKu Polinema. Mohon tidak membalas email ini.
                 

[2026-10-02 13:52:46] KE: hrd@pindad.co.id | SUBJEK: Akun Anda Dinonaktifkan - KarirKu Polinema | (SMTP belum dikonfigurasi, dicatat sebagai log saja)
------------------------------------------------------------

                    KarirKu PolinemaAkun KarirKu Polinema Anda telah dinonaktifkan Admin.Alasan: Catatan uji otomatis.
                    Email ini dikirim otomatis oleh sistem KarirKu Polinema. Mohon tidak membalas email ini.
                 

[2026-10-02 13:52:46] KE: hrd@semenindonesia.co.id | SUBJEK: Akun Anda Dinonaktifkan - KarirKu Polinema | (SMTP belum dikonfigurasi, dicatat sebagai log saja)
------------------------------------------------------------

                    KarirKu PolinemaAkun KarirKu Polinema Anda telah dinonaktifkan Admin.Alasan: Catatan uji otomatis.
                    Email ini dikirim otomatis oleh sistem KarirKu Polinema. Mohon tidak membalas email ini.
                 

[2026-10-02 13:52:46] KE: hrd@sinergidatanusantara.co.id | SUBJEK: Akun Anda Dinonaktifkan - KarirKu Polinema | (SMTP belum dikonfigurasi, dicatat sebagai log saja)
------------------------------------------------------------

                    KarirKu PolinemaAkun KarirKu Polinema Anda telah dinonaktifkan Admin.Alasan: Catatan uji otomatis.
                    Email ini dikirim otomatis oleh sistem KarirKu Polinema. Mohon tidak membalas email ini.
                 

[2026-10-02 13:52:46] KE: hrd@telkomindonesia.co.id | SUBJEK: Akun Anda Dinonaktifkan - KarirKu Polinema | (SMTP belum dikonfigurasi, dicatat sebagai log saja)
------------------------------------------------------------

                    KarirKu PolinemaAkun KarirKu Polinema Anda telah dinonaktifkan Admin.Alasan: Catatan uji otomatis.
                    Email ini dikirim otomatis oleh sistem KarirKu Polinema. Mohon tidak membalas email ini.
                 

[2026-10-02 13:52:46] KE: hrd@wilmarnabatiindonesia.co.id | SUBJEK: Akun Anda Dinonaktifkan - KarirKu Polinema | (SMTP belum dikonfigurasi, dicatat sebagai log saja)
------------------------------------------------------------

                    KarirKu PolinemaAkun KarirKu Polinema Anda telah dinonaktifkan Admin.Alasan: Catatan uji otomatis.
                    Email ini dikirim otomatis oleh sistem KarirKu Polinema. Mohon tidak membalas email ini.
                 

[2026-10-02 14:11:51] KE: calon.mahasiswa@student.polinema.ac.id | SUBJEK: [KarirKu] Data pendaftaran Anda perlu diperbaiki | (SMTP belum dikonfigurasi, dicatat sebagai log saja)
------------------------------------------------------------

                    KarirKu PolinemaAdmin menemukan data atau dokumen yang perlu diperbaiki.Catatan Admin: Mohon lengkapi berkas.
                    Email ini dikirim otomatis oleh sistem KarirKu Polinema. Mohon tidak membalas email ini.
                 

[2026-10-02 14:11:51] KE: mahasiswa@polinema.ac.id | SUBJEK: Akun Anda Diaktifkan Kembali - KarirKu Polinema | (SMTP belum dikonfigurasi, dicatat sebagai log saja)
------------------------------------------------------------

                    KarirKu PolinemaAkun KarirKu Polinema Anda telah diaktifkan kembali. Silakan masuk seperti biasa.
                    Email ini dikirim otomatis oleh sistem KarirKu Polinema. Mohon tidak membalas email ini.
                 

[2026-10-02 14:11:53] KE: ahmad.pratama@student.polinema.ac.id | SUBJEK: Akun Anda Dinonaktifkan - KarirKu Polinema | (SMTP belum dikonfigurasi, dicatat sebagai log saja)
------------------------------------------------------------

                    KarirKu PolinemaAkun KarirKu Polinema Anda telah dinonaktifkan Admin.Alasan: Catatan uji otomatis.
                    Email ini dikirim otomatis oleh sistem KarirKu Polinema. Mohon tidak membalas email ini.
                 

[2026-10-02 14:11:53] KE: alfian.ramadhan@student.polinema.ac.id | SUBJEK: Akun Anda Dinonaktifkan - KarirKu Polinema | (SMTP belum dikonfigurasi, dicatat sebagai log saja)
------------------------------------------------------------

                    KarirKu PolinemaAkun KarirKu Polinema Anda telah dinonaktifkan Admin.Alasan: Catatan uji otomatis.
                    Email ini dikirim otomatis oleh sistem KarirKu Polinema. Mohon tidak membalas email ini.
                 

[2026-10-02 14:11:53] KE: anisa.handayani@student.polinema.ac.id | SUBJEK: Akun Anda Dinonaktifkan - KarirKu Polinema | (SMTP belum dikonfigurasi, dicatat sebagai log saja)
------------------------------------------------------------

                    KarirKu PolinemaAkun KarirKu Polinema Anda telah dinonaktifkan Admin.Alasan: Catatan uji otomatis.
                    Email ini dikirim otomatis oleh sistem KarirKu Polinema. Mohon tidak membalas email ini.
                 

[2026-10-02 14:11:53] KE: arif.setiawan@student.polinema.ac.id | SUBJEK: Akun Anda Dinonaktifkan - KarirKu Polinema | (SMTP belum dikonfigurasi, dicatat sebagai log saja)
------------------------------------------------------------

                    KarirKu PolinemaAkun KarirKu Polinema Anda telah dinonaktifkan Admin.Alasan: Catatan uji otomatis.
                    Email ini dikirim otomatis oleh sistem KarirKu Polinema. Mohon tidak membalas email ini.
                 

[2026-10-02 14:11:53] KE: ayu.anggraini@student.polinema.ac.id | SUBJEK: Akun Anda Dinonaktifkan - KarirKu Polinema | (SMTP belum dikonfigurasi, dicatat sebagai log saja)
------------------------------------------------------------

                    KarirKu PolinemaAkun KarirKu Polinema Anda telah dinonaktifkan Admin.Alasan: Catatan uji otomatis.
                    Email ini dikirim otomatis oleh sistem KarirKu Polinema. Mohon tidak membalas email ini.
                 

[2026-10-02 14:11:53] KE: bagus.wicaksono@student.polinema.ac.id | SUBJEK: Akun Anda Dinonaktifkan - KarirKu Polinema | (SMTP belum dikonfigurasi, dicatat sebagai log saja)
------------------------------------------------------------

                    KarirKu PolinemaAkun KarirKu Polinema Anda telah dinonaktifkan Admin.Alasan: Catatan uji otomatis.
                    Email ini dikirim otomatis oleh sistem KarirKu Polinema. Mohon tidak membalas email ini.
                 

[2026-10-02 14:11:53] KE: bayu.gunawan@student.polinema.ac.id | SUBJEK: Akun Anda Dinonaktifkan - KarirKu Polinema | (SMTP belum dikonfigurasi, dicatat sebagai log saja)
------------------------------------------------------------

                    KarirKu PolinemaAkun KarirKu Polinema Anda telah dinonaktifkan Admin.Alasan: Catatan uji otomatis.
                    Email ini dikirim otomatis oleh sistem KarirKu Polinema. Mohon tidak membalas email ini.
                 

[2026-10-02 14:11:53] KE: bima.wijaya@student.polinema.ac.id | SUBJEK: Akun Anda Dinonaktifkan - KarirKu Polinema | (SMTP belum dikonfigurasi, dicatat sebagai log saja)
------------------------------------------------------------

                    KarirKu PolinemaAkun KarirKu Polinema Anda telah dinonaktifkan Admin.Alasan: Catatan uji otomatis.
                    Email ini dikirim otomatis oleh sistem KarirKu Polinema. Mohon tidak membalas email ini.
                 

[2026-10-02 14:11:53] KE: mahasiswa@polinema.ac.id | SUBJEK: Akun Anda Dinonaktifkan - KarirKu Polinema | (SMTP belum dikonfigurasi, dicatat sebagai log saja)
------------------------------------------------------------

                    KarirKu PolinemaAkun KarirKu Polinema Anda telah dinonaktifkan Admin.Alasan: Catatan uji otomatis.
                    Email ini dikirim otomatis oleh sistem KarirKu Polinema. Mohon tidak membalas email ini.
                 

[2026-10-02 14:11:53] KE: candra.wicaksono@student.polinema.ac.id | SUBJEK: Akun Anda Dinonaktifkan - KarirKu Polinema | (SMTP belum dikonfigurasi, dicatat sebagai log saja)
------------------------------------------------------------

                    KarirKu PolinemaAkun KarirKu Polinema Anda telah dinonaktifkan Admin.Alasan: Catatan uji otomatis.
                    Email ini dikirim otomatis oleh sistem KarirKu Polinema. Mohon tidak membalas email ini.
                 

[2026-10-02 14:11:53] KE: dani.prasetyo@student.polinema.ac.id | SUBJEK: Akun Anda Dinonaktifkan - KarirKu Polinema | (SMTP belum dikonfigurasi, dicatat sebagai log saja)
------------------------------------------------------------

                    KarirKu PolinemaAkun KarirKu Polinema Anda telah dinonaktifkan Admin.Alasan: Catatan uji otomatis.
                    Email ini dikirim otomatis oleh sistem KarirKu Polinema. Mohon tidak membalas email ini.
                 

[2026-10-02 14:11:53] KE: dewi.lestari@student.polinema.ac.id | SUBJEK: Akun Anda Dinonaktifkan - KarirKu Polinema | (SMTP belum dikonfigurasi, dicatat sebagai log saja)
------------------------------------------------------------

                    KarirKu PolinemaAkun KarirKu Polinema Anda telah dinonaktifkan Admin.Alasan: Catatan uji otomatis.
                    Email ini dikirim otomatis oleh sistem KarirKu Polinema. Mohon tidak membalas email ini.
                 

[2026-10-02 14:11:53] KE: diah.puspita@student.polinema.ac.id | SUBJEK: Akun Anda Dinonaktifkan - KarirKu Polinema | (SMTP belum dikonfigurasi, dicatat sebagai log saja)
------------------------------------------------------------

                    KarirKu PolinemaAkun KarirKu Polinema Anda telah dinonaktifkan Admin.Alasan: Catatan uji otomatis.
                    Email ini dikirim otomatis oleh sistem KarirKu Polinema. Mohon tidak membalas email ini.
                 

[2026-10-02 14:11:53] KE: dimas.santoso@student.polinema.ac.id | SUBJEK: Akun Anda Dinonaktifkan - KarirKu Polinema | (SMTP belum dikonfigurasi, dicatat sebagai log saja)
------------------------------------------------------------

                    KarirKu PolinemaAkun KarirKu Polinema Anda telah dinonaktifkan Admin.Alasan: Catatan uji otomatis.
                    Email ini dikirim otomatis oleh sistem KarirKu Polinema. Mohon tidak membalas email ini.
                 

[2026-10-02 14:11:53] KE: eko.purnomo@student.polinema.ac.id | SUBJEK: Akun Anda Dinonaktifkan - KarirKu Polinema | (SMTP belum dikonfigurasi, dicatat sebagai log saja)
------------------------------------------------------------

                    KarirKu PolinemaAkun KarirKu Polinema Anda telah dinonaktifkan Admin.Alasan: Catatan uji otomatis.
                    Email ini dikirim otomatis oleh sistem KarirKu Polinema. Mohon tidak membalas email ini.
                 

[2026-10-02 14:11:53] KE: fajar.ramadhan@student.polinema.ac.id | SUBJEK: Akun Anda Dinonaktifkan - KarirKu Polinema | (SMTP belum dikonfigurasi, dicatat sebagai log saja)
------------------------------------------------------------

                    KarirKu PolinemaAkun KarirKu Polinema Anda telah dinonaktifkan Admin.Alasan: Catatan uji otomatis.
                    Email ini dikirim otomatis oleh sistem KarirKu Polinema. Mohon tidak membalas email ini.
                 

[2026-10-02 14:11:53] KE: fitri.khoirunnisa@student.polinema.ac.id | SUBJEK: Akun Anda Dinonaktifkan - KarirKu Polinema | (SMTP belum dikonfigurasi, dicatat sebagai log saja)
------------------------------------------------------------

                    KarirKu PolinemaAkun KarirKu Polinema Anda telah dinonaktifkan Admin.Alasan: Catatan uji otomatis.
                    Email ini dikirim otomatis oleh sistem KarirKu Polinema. Mohon tidak membalas email ini.
                 

[2026-10-02 14:11:53] KE: galih.hartono@student.polinema.ac.id | SUBJEK: Akun Anda Dinonaktifkan - KarirKu Polinema | (SMTP belum dikonfigurasi, dicatat sebagai log saja)
------------------------------------------------------------

                    KarirKu PolinemaAkun KarirKu Polinema Anda telah dinonaktifkan Admin.Alasan: Catatan uji otomatis.
                    Email ini dikirim otomatis oleh sistem KarirKu Polinema. Mohon tidak membalas email ini.
                 

[2026-10-02 14:11:53] KE: gilang.saputra@student.polinema.ac.id | SUBJEK: Akun Anda Dinonaktifkan - KarirKu Polinema | (SMTP belum dikonfigurasi, dicatat sebagai log saja)
------------------------------------------------------------

                    KarirKu PolinemaAkun KarirKu Polinema Anda telah dinonaktifkan Admin.Alasan: Catatan uji otomatis.
                    Email ini dikirim otomatis oleh sistem KarirKu Polinema. Mohon tidak membalas email ini.
                 

[2026-10-02 14:11:53] KE: hafiz.setiawan@student.polinema.ac.id | SUBJEK: Akun Anda Dinonaktifkan - KarirKu Polinema | (SMTP belum dikonfigurasi, dicatat sebagai log saja)
------------------------------------------------------------

                    KarirKu PolinemaAkun KarirKu Polinema Anda telah dinonaktifkan Admin.Alasan: Catatan uji otomatis.
                    Email ini dikirim otomatis oleh sistem KarirKu Polinema. Mohon tidak membalas email ini.
                 

[2026-10-02 14:11:53] KE: hendra.wijaya@student.polinema.ac.id | SUBJEK: Akun Anda Dinonaktifkan - KarirKu Polinema | (SMTP belum dikonfigurasi, dicatat sebagai log saja)
------------------------------------------------------------

                    KarirKu PolinemaAkun KarirKu Polinema Anda telah dinonaktifkan Admin.Alasan: Catatan uji otomatis.
                    Email ini dikirim otomatis oleh sistem KarirKu Polinema. Mohon tidak membalas email ini.
                 

[2026-10-02 14:11:53] KE: intan.permata@student.polinema.ac.id | SUBJEK: Akun Anda Dinonaktifkan - KarirKu Polinema | (SMTP belum dikonfigurasi, dicatat sebagai log saja)
------------------------------------------------------------

                    KarirKu PolinemaAkun KarirKu Polinema Anda telah dinonaktifkan Admin.Alasan: Catatan uji otomatis.
                    Email ini dikirim otomatis oleh sistem KarirKu Polinema. Mohon tidak membalas email ini.
                 

[2026-10-02 14:11:53] KE: irfan.mahendra@student.polinema.ac.id | SUBJEK: Akun Anda Dinonaktifkan - KarirKu Polinema | (SMTP belum dikonfigurasi, dicatat sebagai log saja)
------------------------------------------------------------

                    KarirKu PolinemaAkun KarirKu Polinema Anda telah dinonaktifkan Admin.Alasan: Catatan uji otomatis.
                    Email ini dikirim otomatis oleh sistem KarirKu Polinema. Mohon tidak membalas email ini.
                 

[2026-10-02 14:11:53] KE: kirana.maharani@student.polinema.ac.id | SUBJEK: Akun Anda Dinonaktifkan - KarirKu Polinema | (SMTP belum dikonfigurasi, dicatat sebagai log saja)
------------------------------------------------------------

                    KarirKu PolinemaAkun KarirKu Polinema Anda telah dinonaktifkan Admin.Alasan: Catatan uji otomatis.
                    Email ini dikirim otomatis oleh sistem KarirKu Polinema. Mohon tidak membalas email ini.
                 

[2026-10-02 14:11:53] KE: laila.rahmawati@student.polinema.ac.id | SUBJEK: Akun Anda Dinonaktifkan - KarirKu Polinema | (SMTP belum dikonfigurasi, dicatat sebagai log saja)
------------------------------------------------------------

                    KarirKu PolinemaAkun KarirKu Polinema Anda telah dinonaktifkan Admin.Alasan: Catatan uji otomatis.
                    Email ini dikirim otomatis oleh sistem KarirKu Polinema. Mohon tidak membalas email ini.
                 

[2026-10-02 14:11:53] KE: lintang.nuraini@student.polinema.ac.id | SUBJEK: Akun Anda Dinonaktifkan - KarirKu Polinema | (SMTP belum dikonfigurasi, dicatat sebagai log saja)
------------------------------------------------------------

                    KarirKu PolinemaAkun KarirKu Polinema Anda telah dinonaktifkan Admin.Alasan: Catatan uji otomatis.
                    Email ini dikirim otomatis oleh sistem KarirKu Polinema. Mohon tidak membalas email ini.
                 

[2026-10-02 14:11:53] KE: maya.wulandari@student.polinema.ac.id | SUBJEK: Akun Anda Dinonaktifkan - KarirKu Polinema | (SMTP belum dikonfigurasi, dicatat sebagai log saja)
------------------------------------------------------------

                    KarirKu PolinemaAkun KarirKu Polinema Anda telah dinonaktifkan Admin.Alasan: Catatan uji otomatis.
                    Email ini dikirim otomatis oleh sistem KarirKu Polinema. Mohon tidak membalas email ini.
                 

[2026-10-02 14:11:53] KE: mega.maharani@student.polinema.ac.id | SUBJEK: Akun Anda Dinonaktifkan - KarirKu Polinema | (SMTP belum dikonfigurasi, dicatat sebagai log saja)
------------------------------------------------------------

                    KarirKu PolinemaAkun KarirKu Polinema Anda telah dinonaktifkan Admin.Alasan: Catatan uji otomatis.
                    Email ini dikirim otomatis oleh sistem KarirKu Polinema. Mohon tidak membalas email ini.
                 

[2026-10-02 14:11:53] KE: melati.anggraini@student.polinema.ac.id | SUBJEK: Akun Anda Dinonaktifkan - KarirKu Polinema | (SMTP belum dikonfigurasi, dicatat sebagai log saja)
------------------------------------------------------------

                    KarirKu PolinemaAkun KarirKu Polinema Anda telah dinonaktifkan Admin.Alasan: Catatan uji otomatis.
                    Email ini dikirim otomatis oleh sistem KarirKu Polinema. Mohon tidak membalas email ini.
                 

[2026-10-02 14:11:53] KE: calon.mahasiswa@student.polinema.ac.id | SUBJEK: Akun Anda Dinonaktifkan - KarirKu Polinema | (SMTP belum dikonfigurasi, dicatat sebagai log saja)
------------------------------------------------------------

                    KarirKu PolinemaAkun KarirKu Polinema Anda telah dinonaktifkan Admin.Alasan: Catatan uji otomatis.
                    Email ini dikirim otomatis oleh sistem KarirKu Polinema. Mohon tidak membalas email ini.
                 

[2026-10-02 14:11:53] KE: novi.andini@student.polinema.ac.id | SUBJEK: Akun Anda Dinonaktifkan - KarirKu Polinema | (SMTP belum dikonfigurasi, dicatat sebagai log saja)
------------------------------------------------------------

                    KarirKu PolinemaAkun KarirKu Polinema Anda telah dinonaktifkan Admin.Alasan: Catatan uji otomatis.
                    Email ini dikirim otomatis oleh sistem KarirKu Polinema. Mohon tidak membalas email ini.
                 

[2026-10-02 14:11:53] KE: nur.hidayah@student.polinema.ac.id | SUBJEK: Akun Anda Dinonaktifkan - KarirKu Polinema | (SMTP belum dikonfigurasi, dicatat sebagai log saja)
------------------------------------------------------------

                    KarirKu PolinemaAkun KarirKu Polinema Anda telah dinonaktifkan Admin.Alasan: Catatan uji otomatis.
                    Email ini dikirim otomatis oleh sistem KarirKu Polinema. Mohon tidak membalas email ini.
                 

[2026-10-02 14:11:53] KE: panji.firdaus@student.polinema.ac.id | SUBJEK: Akun Anda Dinonaktifkan - KarirKu Polinema | (SMTP belum dikonfigurasi, dicatat sebagai log saja)
------------------------------------------------------------

                    KarirKu PolinemaAkun KarirKu Polinema Anda telah dinonaktifkan Admin.Alasan: Catatan uji otomatis.
                    Email ini dikirim otomatis oleh sistem KarirKu Polinema. Mohon tidak membalas email ini.
                 

[2026-10-02 14:11:53] KE: putri.safitri@student.polinema.ac.id | SUBJEK: Akun Anda Dinonaktifkan - KarirKu Polinema | (SMTP belum dikonfigurasi, dicatat sebagai log saja)
------------------------------------------------------------

                    KarirKu PolinemaAkun KarirKu Polinema Anda telah dinonaktifkan Admin.Alasan: Catatan uji otomatis.
                    Email ini dikirim otomatis oleh sistem KarirKu Polinema. Mohon tidak membalas email ini.
                 

[2026-10-02 14:11:53] KE: rahma.permata@student.polinema.ac.id | SUBJEK: Akun Anda Dinonaktifkan - KarirKu Polinema | (SMTP belum dikonfigurasi, dicatat sebagai log saja)
------------------------------------------------------------

                    KarirKu PolinemaAkun KarirKu Polinema Anda telah dinonaktifkan Admin.Alasan: Catatan uji otomatis.
                    Email ini dikirim otomatis oleh sistem KarirKu Polinema. Mohon tidak membalas email ini.
                 

[2026-10-02 14:11:53] KE: rangga.nugroho@student.polinema.ac.id | SUBJEK: Akun Anda Dinonaktifkan - KarirKu Polinema | (SMTP belum dikonfigurasi, dicatat sebagai log saja)
------------------------------------------------------------

                    KarirKu PolinemaAkun KarirKu Polinema Anda telah dinonaktifkan Admin.Alasan: Catatan uji otomatis.
                    Email ini dikirim otomatis oleh sistem KarirKu Polinema. Mohon tidak membalas email ini.
                 

[2026-10-02 14:11:53] KE: ratna.safitri@student.polinema.ac.id | SUBJEK: Akun Anda Dinonaktifkan - KarirKu Polinema | (SMTP belum dikonfigurasi, dicatat sebagai log saja)
------------------------------------------------------------

                    KarirKu PolinemaAkun KarirKu Polinema Anda telah dinonaktifkan Admin.Alasan: Catatan uji otomatis.
                    Email ini dikirim otomatis oleh sistem KarirKu Polinema. Mohon tidak membalas email ini.
                 

[2026-10-02 14:11:53] KE: reza.siregar@student.polinema.ac.id | SUBJEK: Akun Anda Dinonaktifkan - KarirKu Polinema | (SMTP belum dikonfigurasi, dicatat sebagai log saja)
------------------------------------------------------------

                    KarirKu PolinemaAkun KarirKu Polinema Anda telah dinonaktifkan Admin.Alasan: Catatan uji otomatis.
                    Email ini dikirim otomatis oleh sistem KarirKu Polinema. Mohon tidak membalas email ini.
                 

[2026-10-02 14:11:53] KE: rina.kusuma@student.polinema.ac.id | SUBJEK: Akun Anda Dinonaktifkan - KarirKu Polinema | (SMTP belum dikonfigurasi, dicatat sebagai log saja)
------------------------------------------------------------

                    KarirKu PolinemaAkun KarirKu Polinema Anda telah dinonaktifkan Admin.Alasan: Catatan uji otomatis.
                    Email ini dikirim otomatis oleh sistem KarirKu Polinema. Mohon tidak membalas email ini.
                 

[2026-10-02 14:11:53] KE: rizky.saputra@student.polinema.ac.id | SUBJEK: Akun Anda Dinonaktifkan - KarirKu Polinema | (SMTP belum dikonfigurasi, dicatat sebagai log saja)
------------------------------------------------------------

                    KarirKu PolinemaAkun KarirKu Polinema Anda telah dinonaktifkan Admin.Alasan: Catatan uji otomatis.
                    Email ini dikirim otomatis oleh sistem KarirKu Polinema. Mohon tidak membalas email ini.
                 

[2026-10-02 14:11:53] KE: salsa.kusuma@student.polinema.ac.id | SUBJEK: Akun Anda Dinonaktifkan - KarirKu Polinema | (SMTP belum dikonfigurasi, dicatat sebagai log saja)
------------------------------------------------------------

                    KarirKu PolinemaAkun KarirKu Polinema Anda telah dinonaktifkan Admin.Alasan: Catatan uji otomatis.
                    Email ini dikirim otomatis oleh sistem KarirKu Polinema. Mohon tidak membalas email ini.
                 

[2026-10-02 14:11:53] KE: sari.oktaviani@student.polinema.ac.id | SUBJEK: Akun Anda Dinonaktifkan - KarirKu Polinema | (SMTP belum dikonfigurasi, dicatat sebagai log saja)
------------------------------------------------------------

                    KarirKu PolinemaAkun KarirKu Polinema Anda telah dinonaktifkan Admin.Alasan: Catatan uji otomatis.
                    Email ini dikirim otomatis oleh sistem KarirKu Polinema. Mohon tidak membalas email ini.
                 

[2026-10-02 14:11:53] KE: satrio.pratama@student.polinema.ac.id | SUBJEK: Akun Anda Dinonaktifkan - KarirKu Polinema | (SMTP belum dikonfigurasi, dicatat sebagai log saja)
------------------------------------------------------------

                    KarirKu PolinemaAkun KarirKu Polinema Anda telah dinonaktifkan Admin.Alasan: Catatan uji otomatis.
                    Email ini dikirim otomatis oleh sistem KarirKu Polinema. Mohon tidak membalas email ini.
                 

[2026-10-02 14:11:53] KE: siti.nuraini@student.polinema.ac.id | SUBJEK: Akun Anda Dinonaktifkan - KarirKu Polinema | (SMTP belum dikonfigurasi, dicatat sebagai log saja)
------------------------------------------------------------

                    KarirKu PolinemaAkun KarirKu Polinema Anda telah dinonaktifkan Admin.Alasan: Catatan uji otomatis.
                    Email ini dikirim otomatis oleh sistem KarirKu Polinema. Mohon tidak membalas email ini.
                 

[2026-10-02 14:11:53] KE: teguh.firdaus@student.polinema.ac.id | SUBJEK: Akun Anda Dinonaktifkan - KarirKu Polinema | (SMTP belum dikonfigurasi, dicatat sebagai log saja)
------------------------------------------------------------

                    KarirKu PolinemaAkun KarirKu Polinema Anda telah dinonaktifkan Admin.Alasan: Catatan uji otomatis.
                    Email ini dikirim otomatis oleh sistem KarirKu Polinema. Mohon tidak membalas email ini.
                 

[2026-10-02 14:11:53] KE: tiara.rahmawati@student.polinema.ac.id | SUBJEK: Akun Anda Dinonaktifkan - KarirKu Polinema | (SMTP belum dikonfigurasi, dicatat sebagai log saja)
------------------------------------------------------------

                    KarirKu PolinemaAkun KarirKu Polinema Anda telah dinonaktifkan Admin.Alasan: Catatan uji otomatis.
                    Email ini dikirim otomatis oleh sistem KarirKu Polinema. Mohon tidak membalas email ini.
                 

[2026-10-02 14:11:53] KE: vina.oktaviani@student.polinema.ac.id | SUBJEK: Akun Anda Dinonaktifkan - KarirKu Polinema | (SMTP belum dikonfigurasi, dicatat sebagai log saja)
------------------------------------------------------------

                    KarirKu PolinemaAkun KarirKu Polinema Anda telah dinonaktifkan Admin.Alasan: Catatan uji otomatis.
                    Email ini dikirim otomatis oleh sistem KarirKu Polinema. Mohon tidak membalas email ini.
                 

[2026-10-02 14:11:53] KE: wahyu.nugroho@student.polinema.ac.id | SUBJEK: Akun Anda Dinonaktifkan - KarirKu Polinema | (SMTP belum dikonfigurasi, dicatat sebagai log saja)
------------------------------------------------------------

                    KarirKu PolinemaAkun KarirKu Polinema Anda telah dinonaktifkan Admin.Alasan: Catatan uji otomatis.
                    Email ini dikirim otomatis oleh sistem KarirKu Polinema. Mohon tidak membalas email ini.
                 

[2026-10-02 14:11:53] KE: winda.hidayah@student.polinema.ac.id | SUBJEK: Akun Anda Dinonaktifkan - KarirKu Polinema | (SMTP belum dikonfigurasi, dicatat sebagai log saja)
------------------------------------------------------------

                    KarirKu PolinemaAkun KarirKu Polinema Anda telah dinonaktifkan Admin.Alasan: Catatan uji otomatis.
                    Email ini dikirim otomatis oleh sistem KarirKu Polinema. Mohon tidak membalas email ini.
                 

[2026-10-02 14:11:53] KE: yoga.prasetyo@student.polinema.ac.id | SUBJEK: Akun Anda Dinonaktifkan - KarirKu Polinema | (SMTP belum dikonfigurasi, dicatat sebagai log saja)
------------------------------------------------------------

                    KarirKu PolinemaAkun KarirKu Polinema Anda telah dinonaktifkan Admin.Alasan: Catatan uji otomatis.
                    Email ini dikirim otomatis oleh sistem KarirKu Polinema. Mohon tidak membalas email ini.
                 

[2026-10-02 14:11:53] KE: yusuf.santoso@student.polinema.ac.id | SUBJEK: Akun Anda Dinonaktifkan - KarirKu Polinema | (SMTP belum dikonfigurasi, dicatat sebagai log saja)
------------------------------------------------------------

                    KarirKu PolinemaAkun KarirKu Polinema Anda telah dinonaktifkan Admin.Alasan: Catatan uji otomatis.
                    Email ini dikirim otomatis oleh sistem KarirKu Polinema. Mohon tidak membalas email ini.
                 

[2026-10-02 14:11:53] KE: zahra.lestari@student.polinema.ac.id | SUBJEK: Akun Anda Dinonaktifkan - KarirKu Polinema | (SMTP belum dikonfigurasi, dicatat sebagai log saja)
------------------------------------------------------------

                    KarirKu PolinemaAkun KarirKu Polinema Anda telah dinonaktifkan Admin.Alasan: Catatan uji otomatis.
                    Email ini dikirim otomatis oleh sistem KarirKu Polinema. Mohon tidak membalas email ini.
                 

[2026-10-02 14:11:53] KE: hrd@adhikarya.co.id | SUBJEK: Akun Anda Dinonaktifkan - KarirKu Polinema | (SMTP belum dikonfigurasi, dicatat sebagai log saja)
------------------------------------------------------------

                    KarirKu PolinemaAkun KarirKu Polinema Anda telah dinonaktifkan Admin.Alasan: Catatan uji otomatis.
                    Email ini dikirim otomatis oleh sistem KarirKu Polinema. Mohon tidak membalas email ini.
                 

[2026-10-02 14:11:53] KE: hrd@astraotoparts.co.id | SUBJEK: Akun Anda Dinonaktifkan - KarirKu Polinema | (SMTP belum dikonfigurasi, dicatat sebagai log saja)
------------------------------------------------------------

                    KarirKu PolinemaAkun KarirKu Polinema Anda telah dinonaktifkan Admin.Alasan: Catatan uji otomatis.
                    Email ini dikirim otomatis oleh sistem KarirKu Polinema. Mohon tidak membalas email ini.
                 

[2026-10-02 14:11:53] KE: hrd@bankmandiri.co.id | SUBJEK: Akun Anda Dinonaktifkan - KarirKu Polinema | (SMTP belum dikonfigurasi, dicatat sebagai log saja)
------------------------------------------------------------

                    KarirKu PolinemaAkun KarirKu Polinema Anda telah dinonaktifkan Admin.Alasan: Catatan uji otomatis.
                    Email ini dikirim otomatis oleh sistem KarirKu Polinema. Mohon tidak membalas email ini.
                 

[2026-10-02 14:11:53] KE: hrd@barataindonesia.co.id | SUBJEK: Akun Anda Dinonaktifkan - KarirKu Polinema | (SMTP belum dikonfigurasi, dicatat sebagai log saja)
------------------------------------------------------------

                    KarirKu PolinemaAkun KarirKu Polinema Anda telah dinonaktifkan Admin.Alasan: Catatan uji otomatis.
                    Email ini dikirim otomatis oleh sistem KarirKu Polinema. Mohon tidak membalas email ini.
                 

[2026-10-02 14:11:53] KE: hrd@energilistrikmandiri.co.id | SUBJEK: Akun Anda Dinonaktifkan - KarirKu Polinema | (SMTP belum dikonfigurasi, dicatat sebagai log saja)
------------------------------------------------------------

                    KarirKu PolinemaAkun KarirKu Polinema Anda telah dinonaktifkan Admin.Alasan: Catatan uji otomatis.
                    Email ini dikirim otomatis oleh sistem KarirKu Polinema. Mohon tidak membalas email ini.
                 

[2026-10-02 14:11:53] KE: hrd@gudanggaram.co.id | SUBJEK: Akun Anda Dinonaktifkan - KarirKu Polinema | (SMTP belum dikonfigurasi, dicatat sebagai log saja)
------------------------------------------------------------

                    KarirKu PolinemaAkun KarirKu Polinema Anda telah dinonaktifkan Admin.Alasan: Catatan uji otomatis.
                    Email ini dikirim otomatis oleh sistem KarirKu Polinema. Mohon tidak membalas email ini.
                 

[2026-10-02 14:11:53] KE: hrd@karyaabadi.co.id | SUBJEK: Akun Anda Dinonaktifkan - KarirKu Polinema | (SMTP belum dikonfigurasi, dicatat sebagai log saja)
------------------------------------------------------------

                    KarirKu PolinemaAkun KarirKu Polinema Anda telah dinonaktifkan Admin.Alasan: Catatan uji otomatis.
                    Email ini dikirim otomatis oleh sistem KarirKu Polinema. Mohon tidak membalas email ini.
                 

[2026-10-02 14:11:53] KE: hrd@mitraarsipnusantara.co.id | SUBJEK: Akun Anda Dinonaktifkan - KarirKu Polinema | (SMTP belum dikonfigurasi, dicatat sebagai log saja)
------------------------------------------------------------

                    KarirKu PolinemaAkun KarirKu Polinema Anda telah dinonaktifkan Admin.Alasan: Catatan uji otomatis.
                    Email ini dikirim otomatis oleh sistem KarirKu Polinema. Mohon tidak membalas email ini.
                 

[2026-10-02 14:11:53] KE: hrd@mitrasejahtera.co.id | SUBJEK: Akun Anda Dinonaktifkan - KarirKu Polinema | (SMTP belum dikonfigurasi, dicatat sebagai log saja)
------------------------------------------------------------

                    KarirKu PolinemaAkun KarirKu Polinema Anda telah dinonaktifkan Admin.Alasan: Catatan uji otomatis.
                    Email ini dikirim otomatis oleh sistem KarirKu Polinema. Mohon tidak membalas email ini.
                 

[2026-10-02 14:11:53] KE: hrd@nestleindonesia.co.id | SUBJEK: Akun Anda Dinonaktifkan - KarirKu Polinema | (SMTP belum dikonfigurasi, dicatat sebagai log saja)
------------------------------------------------------------

                    KarirKu PolinemaAkun KarirKu Polinema Anda telah dinonaktifkan Admin.Alasan: Catatan uji otomatis.
                    Email ini dikirim otomatis oleh sistem KarirKu Polinema. Mohon tidak membalas email ini.
                 

[2026-10-02 14:11:53] KE: perusahaan@polinema.ac.id | SUBJEK: Akun Anda Dinonaktifkan - KarirKu Polinema | (SMTP belum dikonfigurasi, dicatat sebagai log saja)
------------------------------------------------------------

                    KarirKu PolinemaAkun KarirKu Polinema Anda telah dinonaktifkan Admin.Alasan: Catatan uji otomatis.
                    Email ini dikirim otomatis oleh sistem KarirKu Polinema. Mohon tidak membalas email ini.
                 

[2026-10-02 14:11:53] KE: hrd@nusantarateknologicerd.co.id | SUBJEK: Akun Anda Dinonaktifkan - KarirKu Polinema | (SMTP belum dikonfigurasi, dicatat sebagai log saja)
------------------------------------------------------------

                    KarirKu PolinemaAkun KarirKu Polinema Anda telah dinonaktifkan Admin.Alasan: Catatan uji otomatis.
                    Email ini dikirim otomatis oleh sistem KarirKu Polinema. Mohon tidak membalas email ini.
                 

[2026-10-02 14:11:53] KE: hrd@pertaminapatraniaga.co.id | SUBJEK: Akun Anda Dinonaktifkan - KarirKu Polinema | (SMTP belum dikonfigurasi, dicatat sebagai log saja)
------------------------------------------------------------

                    KarirKu PolinemaAkun KarirKu Polinema Anda telah dinonaktifkan Admin.Alasan: Catatan uji otomatis.
                    Email ini dikirim otomatis oleh sistem KarirKu Polinema. Mohon tidak membalas email ini.
                 

[2026-10-02 14:11:53] KE: hrd@pindad.co.id | SUBJEK: Akun Anda Dinonaktifkan - KarirKu Polinema | (SMTP belum dikonfigurasi, dicatat sebagai log saja)
------------------------------------------------------------

                    KarirKu PolinemaAkun KarirKu Polinema Anda telah dinonaktifkan Admin.Alasan: Catatan uji otomatis.
                    Email ini dikirim otomatis oleh sistem KarirKu Polinema. Mohon tidak membalas email ini.
                 

[2026-10-02 14:11:53] KE: hrd@semenindonesia.co.id | SUBJEK: Akun Anda Dinonaktifkan - KarirKu Polinema | (SMTP belum dikonfigurasi, dicatat sebagai log saja)
------------------------------------------------------------

                    KarirKu PolinemaAkun KarirKu Polinema Anda telah dinonaktifkan Admin.Alasan: Catatan uji otomatis.
                    Email ini dikirim otomatis oleh sistem KarirKu Polinema. Mohon tidak membalas email ini.
                 

[2026-10-02 14:11:53] KE: hrd@sinergidatanusantara.co.id | SUBJEK: Akun Anda Dinonaktifkan - KarirKu Polinema | (SMTP belum dikonfigurasi, dicatat sebagai log saja)
------------------------------------------------------------

                    KarirKu PolinemaAkun KarirKu Polinema Anda telah dinonaktifkan Admin.Alasan: Catatan uji otomatis.
                    Email ini dikirim otomatis oleh sistem KarirKu Polinema. Mohon tidak membalas email ini.
                 

[2026-10-02 14:11:53] KE: hrd@telkomindonesia.co.id | SUBJEK: Akun Anda Dinonaktifkan - KarirKu Polinema | (SMTP belum dikonfigurasi, dicatat sebagai log saja)
------------------------------------------------------------

                    KarirKu PolinemaAkun KarirKu Polinema Anda telah dinonaktifkan Admin.Alasan: Catatan uji otomatis.
                    Email ini dikirim otomatis oleh sistem KarirKu Polinema. Mohon tidak membalas email ini.
                 

[2026-10-02 14:11:53] KE: hrd@wilmarnabatiindonesia.co.id | SUBJEK: Akun Anda Dinonaktifkan - KarirKu Polinema | (SMTP belum dikonfigurasi, dicatat sebagai log saja)
------------------------------------------------------------

                    KarirKu PolinemaAkun KarirKu Polinema Anda telah dinonaktifkan Admin.Alasan: Catatan uji otomatis.
                    Email ini dikirim otomatis oleh sistem KarirKu Polinema. Mohon tidak membalas email ini.
                 

